phrase,phrasekey,is_acronym
levis,levi,1
fort collins,fc,1
iscenery by vero moda,i scenery,1
jdy by only,jdy,1
adidas originals,adi,1
french connection,fcuk,1
tommy hilfiger,tommy,1
na-kd,nakd,1
wknd,wk-nd,1
global desi,gd,1
adidas originals,adi,1
calvin klein jeans,ckj,1
i saw it first,isif,1
lc waikiki,lcw,1
aurelia,aure,1
duke women's,duke,1
reebok classic,rbk,1
vero moda,vm,1
kenneth cole,kc,1
tom tailor,tt,1
barrels and oil,b&o,1
barrels and oil,bo,1
monte carlo,mc,1
point zero,pz,1
scakhi,sakhi,1
grimelange,gm,1
calvin klein underwear,cku,1
pepe jeans,pepe,1
deal jeans,deal,1
chhabra 555,555,1
tally weijl,tw,1
piazza italia,italia,1
aasi-house of nayo,aasi,1
c9 airwear,c9,1
reebok classic,rbk,1
pretty little things,plt,1
duck & cover,d&c,1
duck & cover,dc,1
u.s. polo assn.,uspa,1
jack & jones,j&j,1
jack & jones,jj,1
united colors of benetton,ucb,1
the indian garage co,tig,1
levis,levi,1
calvin klein jeans,ckj,1
tommy hilfiger,tommy,1
pepe jeans,pepe,1
marks & spencer,mns ,1
marks & spencer,m and s,1
marks & spencer,m&s,1
marks & spencer,ms,1
u.s. polo assn.,uspa,1
the indian garage co,tigc,1
tommy hilfiger,th,1
red tape,redtape,1
calvin klein,ck,1
armani exchange,ax,1
a little fable,alf,1
aksk creation,ac,0
brooks brothers,bb,0
carlton london,cl,0
f fitlethics,ff,0
janakdulari creation,jc,0
klas nobl,kn,0
manisha fashion,mf,0
queen games,qg,0
status mantra,sm,0
try feet,tf,0
twin birds,tb,0
austin wood,aw,0
curvy love,cl,0
flying machine kids,fmk,1
imli street,is,0
imperial knots,ik,0
lazy shark,ls,0
make it real,mir,0
moda chales,mc,0
pro-ethic(style developer),,0
style quotient,sq,0
vistas by vani,vbv,1
bohemian homes,bh,0
bon bon,bb,0
cross trekkers,ct,0
global desi,gd,0
leo sansini,ls,0
pc jeweller,pj,0
priyadarshini handloom,ph,0
rajubhai hargovindas,rh,0
rodolfo darrell,rd,0
ted smith,ts,0
under colors of benetton,ucb,0
under colors of benetton,ucob,0
bengal handloom,bh,0
candere by kalyan jewellers,cbkj,1
cap shap,cs,0
catch 5 sssb,c5s,1
cute gang,cg,0
hugo boss,hb,0
shree fashion,sf,0
the jewel basket,tjb,1
united colors of benetton,ucb,1
united colors of benetton,ucob,1
women magic,wm,0
bandidhari fashion,bf,0
child club,cc,0
christofano premium,cp,0
daily object,do,0
deco light,dl,0
en inde,ei,0
forever 21,f21,1
forever glam by pantaloons,fgbp,1
forever glam by pantaloons,fgp,1
hj hasasi,hh,0
mft couture,mc,0
the conversion,tc,0
von huette,vh,0
ben 10,b10,1
calvin klein,ck,0
d kumar,dk,0
dennislingo premium attire,dpa,1
fab woven,fw,0
k lara,kl,0
neu look fashion,nlf,1
rai-ox jeans,j,0
rio girls,rg,0
rudra f a s h i o n,rfashio&,0
rudra f a s h i o n,rfashioa,0
saint lucia,sl,0
veni vidi vici,vvv,1
boston club,bc,0
captain america,ca,0
choppers club,cc,0
coc colours of cotton,ccoc,1
james bond 007,jb007,1
latin quarters,lq,0
rangmanch plus by pantaloons,rpbp,1
rangmanch plus by pantaloons,rpp,1
sitaram designer,sd,0
the mini needle,tmn,1
ud united denim,uud,1
fuel clothing,fc,0
homefab india,hi,0
jaipur fashion mode,jfm,1
jaipur kurti,jk,0
kg frendz,kf,0
kira plastinina,kp,0
ps paul smith,pps,1
styylo jewels,sj,0
zonko style,zs,0
bubble gummers,bg,0
conditions apply,ca,0
dupatta bazaar,db,0
finsbury london,fl,0
four star truck sales,fsts,1
label regalia,lr,0
mini klub,mk,0
nk textiles,nt,0
phive rivers,pr,0
reconnect disney,rd,0
rupa frontline,rf,0
vishal prints,vp,0
yellow delight,yd,0
you bella,yb,0
alan scott,as,0
happy hues,hh,0
hosta homes,hh,0
indian terrain,it,0
lace and me,lnm,1
lace and me,l&m,1
minimalist clothing,mc,0
my my! footwear,mf,0
raa jeans,rj,0
red tape,rt,0
thanku mom studio,tms,1
abon shoes,as,0
cole haan,ch,0
cross wings,cw,0
cult fiction,cf,0
park avenue,pa,0
pretty awesome,pa,0
pretty women,pw,0
silk house,sh,0
style quotient by noi,sqbn,1
style quotient by noi,sqn,1
tally weijl,tw,0
j west,jw,0
manjula sarees,ms,0
monte carlo kids,mck,1
other characters,oc,0
poison ivy,pi,0
purple tree,pt,0
sir corbett,sc,0
ts collection,tc,0
wonder woman,ww,0
a akshat sapphire,aas,0
banjara india,bi,0
bhana fashion,bf,0
fashion victim,fv,0
g star raw,gsr,1
marca disati,md,0
paul street,ps,0
sf jeans by pantaloons,sjbp,1
sf jeans by pantaloons,sjp,1
sweet dreams,sd,0
ajile by pantaloons,abp,0
amari west,aw,0
annabelle by pantaloons,abp,0
eaglewood leathers,el,0
love gen,lg,0
marc jacobs,mj,0
miniklub exclusive for ajio,mefa,0
nexgen club,nc,0
peter england,pe,0
project eve,pe,0
aliz footwear,af,0
avaasa workwear,aw,0
bad habit,bh,0
da milano,dm,0
gulmohar lane,gl,0
harvard business school press,hbsp,1
heather hues,hh,0
mabish by sonal jain,mbsj,0
mattel-hot wheels,w,0
raysfield life style,rls,1
stylee lifestyle,sl,0
vrundavan ethics,ve,0
5elements by radhika gupta,5brg,1
5elements by radhika gupta,5rg,1
anshul fashion,af,0
anuttara fashions,af,0
baby alive,ba,0
cee 18,c18,1
dex flex,df,0
flake liberty,fl,0
ft mnm,fm,0
mannat fashion,mf,0
monte carlo,mc,0
franco leone,fl,0
nh fashion studio,nfs,1
peppa pig,pp,0
saral home,sh,0
shopping queen,sq,0
sujata weaves and prints,sw&p,1
sujata weaves and prints,swnp,1
trunk works,tw,0
waama jewels,wj,0
denizen womens,dw,0
eristona man,em,0
fusion threads,ft,0
lady lyka,ll,0
neon rose,nr,0
rangmanch by pantaloons,rbp,1
royal enfield,re,0
sb subu be with your heart,ssbwyh,0
smart trike,st,0
clora creation,cc,0
furreal friends,ff,0
geroo jaipur,gj,0
monte carlo ladies,mcl,1
sareeslatest designer,sd,0
see by chloe,sbc,0
styylo fashion,sf,0
the jewel factor,tjf,1
u.s. polo assn.,uspa,1
u.s. polo assn.,usp,1
bacca bucci,bb,0
cavalli class,cc,0
creative kid's,c,0
ekta textiles,et,0
hive 91,h91,1
mumble jumble,mj,0
scuderia ferrari,sf,0
studio b40,sb,0
warner brothers,wb,1
warner brothers,wbros,1
women marks,wm,0
adidas originals,ao,0
cross court,cc,0
princess by metro,pbm,0
ruby raang,rr,0
sangam prints,sp,0
star wars,sw,0
william white,ww,0
250 designs,250d,1
doodles home,dh,0
emporio armani,ea,0
harry potter,hp,1
jija antique,ja,0
kira plus,kp,0
montego bay club,mbc,0
neo natives,nn,0
aditi wasan,aw,0
crocodile creek,cc,0
desh bidesh,db,0
mathey- tissot,t,0
native youth,ny,0
portico new york,pny,1
princess diyakumari foundation,pdf,1
sini mini,sm,0
truffle collection,tc,0
allen solly,as,0
indie picks,ip,0
maai we complete you,mwcy,1
ramraj cotton,rc,0
softwear fashion spring,sfs,0
west wood,ww,0
c.n.c plus,cncp,1
comfort toes,ct,0
jumps and bumps,jnb,1
jumps and bumps,j&b,1
parishkaar tex,pt,0
silk blend,sb,0
carlton london sports,cls,1
dc collectibles,dc,0
flying machine,fm,0
forever new,fn,0
kushi flyer,kf,0
world wear footwear,wwf,1
arkina diamonds,ad,0
banarasi style,bs,0
campus sutra,cs,0
colors and blends,c&b,1
colors and blends,cnb,1
fashion tadka mnm,ftm,1
game begins,gb,0
get wrapped,gw,0
marc loire,ml,0
women republic,wr,0
znx clothing,zc,0
deal jeans,dj,0
enamor sleepwear,es,0
indus route by pantaloons,irbp,1
indus route by pantaloons,irp,1
jazzy juniors,jj,0
leather retail,lr,0
metro fashion,mf,0
tommy hilfiger,th,0
varkala silk saree,vss,1
disney frozen,df,0
duke women's,d,0
gur-pernia qureshi,q,0
liquor n poker,lnp,1
liquor n poker,l&p,1
swiss club,sc,0
toy kraft,tk,0
under armour,ua,0
v venue,vv,0
city kart,ck,0
just rhyse,jr,0
lavie sport,ls,0
lux inferno,li,0
marvel avengers,ma,0
tom and jerry,t&j,1
tom and jerry,tnj,1
van heusen,vh,1
volume zero,vz,0
golden peacock,gp,0
havida sarees,hs,0
kara tique,kt,0
kenneth cole,kc,0
miss karter,mk,0
r home,rh,0
shoe craft,sc,0
stole for women,sfw,0
urban banjaran,ub,0
all about pinks,aap,1
calvin klein jeans,ckj,1
eego italy,ei,0
hail women,hw,0
palm tree,pt,0
preet kaur,pk,0
unnati silks,us,0
vijayshree sovani designs,vsd,1
abeer designer,ad,0
auraa trends,at,0
el paso,ep,0
fable street,fs,0
heart of gold,hog,0
logic roots,lr,0
loom legacy,ll,0
maahi styles,ms,0
smugglerz inc.,s,0
sole head,sh,0
stellar home usa,shu,0
ujjwal creation,uc,0
anjni creation,ac,0
da intimo,di,0
disney mickey,dm,0
dugran by dugristyle,dbd,0
palace atelier jaipur,paj,1
sangeeta boochra,sb,0
tender sole,ts,0
twenty dresses,td,0
adwitiya collection,ac,0
armani exchange,ae,0
berry purple,bp,0
carlo romano,cr,0
fashion angels,fa,0
house of kkarma,hok,0
my new born,mnb,0
pierre carlo,pc,0
avi 8,a8,1
go colors,gc,0
plus fit,pf,0
ruf and tuf,r&t,1
ruf and tuf,rnt,1
the assembly,ta,0
thomas and friends,t&f,1
thomas and friends,tnf,1
west elm,we,0
aretha jewels,aj,0
attire 4 ever,a4e,1
dangerous dngrs,dd,0
diya trends,dt,0
ex by excalibur,ebe,0
home affairs,ha,0
jewels galaxy,jg,0
kiana house of fashion,khof,1
maruti art,ma,0
naughty ninos,nn,0
neeta boochra,nb,0
rsk ethnic wear,rew,0
runaya nx,rn,0
safe track,st,0
suket dhir,sd,0
ajay arvindbhai khatri,aak,0
ed hardy,eh,0
ikai asai,ia,0
kicks and crawl,knc,1
kicks and crawl,k&c,1
new roads,nr,0
the kaatn trail,tkt,0
candies by pantaloons,cbp,1
disney plush,dp,0
hey music,hm,0
louis philippe,lp,0
the children's place,tp,0
yb dnmx,yd,0
hats off accessories,hoa,0
ico blue star,ibs,0
leap frog,lf,0
masch sports,ms,0
pretty woman,pw,0
red 5,r5,1
steve madden,sm,0
toffy house,th,0
active soul,as,0
bhana creation,bc,0
big fox,bf,0
cortina eyelet curtain,cec,1
do dhaage,dd,0
hunters bay,hb,0
kb friendz lic,kfl,0
little kids,lk,0
polo ralph lauren,prl,0
rajasthan décor,r,0
route crafts,rc,0
slumber jill,sj,0
berrys intimatess,bi,0
gj baby,gb,0
j fontini,jf,0
kindi kids,kk,0
legal bribe,lb,0
london steps,ls,0
polo plus,pp,0
red rose,rr,0
rj denim,rd,0
star style,ss,0
trendy store,ts,0
9 impression,9i,0
alto vida,av,0
cr7 cristiano ronaldo,cr7,1
global republic,gr,0
kg friends lic,kfl,0
knotty derby,kd,0
ridhas craft,rc,0
sheetal associates,sa,0
sindhi footwear,sf,0
the chennai silks,tcs,1
young wings,yw,0
1 walk,1w,1
aircop premium,ap,0
disney princess,dp,0
go color kids,gck,0
just wow,jw,0
kunal rawal,kr,0
lucy vegona,lv,0
majestic silk,ms,0
simon carter,sc,0
veluet by night,vbn,0
cherry crumble,cc,0
jp jeans,jj,0
kb frendz,kf,0
lux cott's wool,lw,0
om jewells,oj,0
the gusto,tg,0
tom lang london,tll,0
bhana jewells,bj,0
en enora,ee,0
fastrack sunglass,fs,0
liberty style,ls,0
masha and the bear,mntb,1
masha and the bear,m&tb,1
masha and the bear,mnb,1
masha and the bear,m&b,1
mee 4 u,m4u,1
point cove,pc,0
castle hawk,ch,0
kavya fashion,kf,0
kraus jeans,kj,0
michael kors,mk,0
rich touch,rt,0
rug woods,rw,0
thalasi knitfab,tk,0
the white willow,tww,0
18 edition,18e,1
actoholic high on action,ahoa,0
buta buti,bb,0
french flexious,ff,0
kairi india,ki,0
kdiam fashion,kf,0
la zoire,lz,0
orchid blues,ob,0
payal pratap,pp,0
salona bichona,sb,0
silvermerc designs,sd,0
smarty pants,sp,0
stalk buy love,sbl,1
anik saree,as,0
arrow jeans,aj,0
kataan bazaar,kb,0
nauti nati,nn,0
petal home,ph,0
saree mall,sm,0
satyam weaves,sw,0
the kurta express,tke,1
desi weaves,dw,0
fashion stylus,fs,0
jade blue,jb,0
macroman m-series,m,0
moon walk,mw,0
pepe jeans,pj,0
trendy divva,td,0
blue giraffe,bg,0
cross creek,cc,0
hetvi creation,hc,0
i love legacy,ill,0
only vimal,ov,0
shades of life,sol,0
summer somewhere,ss,0
valen club,vc,0
we bare bears,wbb,1
alpha man,am,0
fusion beats,fb,0
la intimo,li,0
lauris karter,lk,0
love and other things,lnot,1
love and other things,l&ot,1
mila baby,mb,0
trishaa by pantaloons,tbp,1
vision express,ve,0
cape canary,cc,0
closet london,cl,0
j style,js,0
jaipur fabric,jf,0
keel toys,kt,0
mickey mouse family,mmf,0
mom's love,l,0
pink chick,pc,0
speed up,su,0
ad by arvind,aba,0
american crew,ac,0
green hill,gh,0
indian roots,ir,0
madhu fashion,mf,0
nino bambino,nb,0
quco the firing style,qtfs,0
ak fashion,af,0
free hand,fh,0
hello design,hd,0
keep cart,kc,0
kg team spirit,kts,0
pink moon,pm,0
purple feather,pf,0
sambalpuri bastralaya,sb,0
the pajama factory,tpf,0
you forever,yf,0
yozty enterprise,ye,0
anna claire,ac,0
arrow sports,as,0
ben sherman,bs,0
code by lifestyle,cbl,0
dymo footwear,df,0
harrytech london,hl,0
raine and jaine,rnj,1
raine and jaine,r&j,1
sandy and ritz,snr,1
sandy and ritz,s&r,1
suumaya lifestyle,sl,0
wobbly walk,ww,0
allen cooper,ac,0
canary london,cl,0
ds fashion,df,0
flying berry,fb,0
john world,jw,0
mumbai slang,ms,0
toy jumble,tj,0
binnis wardrobe,bw,0
cherry crumble by nitt hyman,ccbnh,0
frank martin,fm,0
perfect outlet,po,0
r dezino,rd,0
rex straut jeans,rsj,1
smart fit,sf,0
the ants,ta,0
aawiclo home,ah,0
chelsea king,ck,0
english navy,en,0
jimmy choo,jc,0
juliana dream,jd,0
lee cooper,lc,0
tom hiddle,th,0
weavers villa,wv,0
appe free to be casual,aftbc,0
blackbuk india,bi,0
classic polo,cp,0
hamster london,hl,0
marie claire,mc,0
north star,ns,0
owen hart,oh,0
romeo rossi,rr,0
the dry state,tds,0
zero three,zt,0
angry birds,ab,0
bhama couture,bc,0
fame forever by lifestyle,ffbl,1
fame forever by lifestyle,ffl,1
me lady fashion,mlf,1
pratham blue,pb,0
r reich color,rrc,0
rangapure's bhartiya paridhan,bp,0
rupa jon,rj,0
yash gallery,yg,0
arbiter collection,ac,0
banno's swagger,s,0
french connection,fc,0
miracolos by ruchi,mbr,0
people by pantaloons,pbp,0
roller fashions,rf,0
rugged outback,ro,0
dorall collection,dc,0
giorgio armani,ga,0
poppers by pantaloons,pbp,0
stud apparels,sa,0
vala s,vs,0
you got plan b,ygpb,0
dein kleider,dk,0
hello kitty,hk,0
modello domani,md,0
pantaloons baby,pb,0
rare london,rl,0
chirpie pie by pantaloons,cpbp,0
cool colors,cc,0
feel alive,fa,0
jusmiro mindfully crafted,jmc,1
my foot,mf,0
my little pony,mlp,1
para trooper,pt,0
play panda,pp,0
privy league,pl,0
11-11 eleven eleven,ee,0
alto moda by pantaloons,ambp,0
difference of opinion,doo,0
klassyque as royal as you,karay,1
pal fashions,pf,0
pantaloons junior,pj,0
force nxt,fn,0
indi inside,ii,0
john players,jp,0
moose tribe,mt,0
n dot,&d,0
n dot,ad,0
pavers england,pe,0
san frissco,sf,0
sassy cheeni,sc,0
antony morato,am,0
born babies,bb,0
british knights,bk,0
lil'star by ayesha,ba,0
maserati watches,mw,0
peach blossom,pb,0
the boo boo club,tbbc,0
ajs living,al,0
city sneaks,cs,0
ek taara,et,0
kuons avenue,ka,0
lower east side,les,0
nino bonito,nb,0
pacific gold,pg,0
the wooden closet,twc,0
aadhunik libaas,al,0
below the belt,btb,0
fruit of the loom,fotl,0
heart 2 heart,h2h,2
may sixty,ms,0
the dance bible,tdb,0
wear we met,wwm,0
american tourister,at,0
be indi,bi,0
by the fit,btf,0
dune london,dl,0
happy hours,hh,0
izabel london by pantaloons,ilbp,0
pink lemon,pl,0
flying machine womens,fmw,0
manbasiya ethnic clothings,mec,0
new era,ne,0
radiant designer studio,rds,0
teakwood leathers,tl,0
urvashi kaur,uk,0
b4u fashion,bf,0
dream of glory inc,dogi,0
fisher price,fp,0
kraft cellar,kc,0
namma ooru trend,not,0
royal kurta,rk,0
selfie star,ss,0
trend arrest,ta,0
all things sundar,ats,0
attic salt,as,0
live evil,le,0
lux venus,lv,0
popsicles clothing,pc,0
rudra bazaar,rb,0
tag 7 plus,t7p,1
v-vivid wave,w,0
ea7 emporio armani,eea,0
fabric fitoor,ff,0
fs mini klub,fmk,0
havva fashion,hf,0
indigo nation,in,0
kay dee,kd,0
nature casuals,nc,0
paw patrol,pp,0
poonam designer,pd,0
pride apparel,pa,0
tau-g identity of tradition,iot,0
bagsy malone,bm,0
charm n cherish,cac,1
charm n cherish,c&c,1
hot wheels,hw,0
inc 5,i5,0
iski uski,iu,0
kolor fusion,kf,0
roop kashish,rk,0
aishwary glams,ag,0
another influence,ai,0
discovery adventures,da,0
heavenly feet,hf,0
honey by pantaloons,hbp,0
love moschino,lm,0
urban hug,uh,0
anvi be yourself,aby,0
byford by pantaloons,bbp,0
ddecor live beautiful,dlb,0
joe shu,js,0
london fashion hob,lfh,0
salvatore ferragamo,sf,0
bhumi an ethnic,bae,0
enchanted drapes,ed,0
excel production,ep,0
griva designer,gd,0
hatchimals colleggtibles,hc,0
high star,hs,0
sand dune,sd,0
say it loud,sil,0
the tassle life,ttl,0
fashion basket,fb,0
little mafia by aarika,lmba,1
rajesh silk mills,rsm,1
superdry sport,ss,0
first class,fc,0
mannequin store,ms,0
pj mask,pm,0
shoe fab,sf,0
smash get noticed,sgn,0
dugri be the one,dbto,0
feather soft elite,fse,0
mela london,ml,0
my baby excel,mbe,0
ray ban,rb,0
scarlet splendour,ss,0
studio metallurgy,sm,0
bene kleed,bk,0
blue eyes,be,0
fashion fever,ff,0
hk colors of fashion,hcof,0
hrv sports,hs,0
monjolika fashion,mf,0
real madrid,rm,0
swagg india,si,0
swapn by aanchal,sba,0
a big indian story,abis,0
anita dongre,ad,0
antonio banderas,ab,0
delta children,dc,0
ghanshyam sarode,gs,0
khumaar shuchi bhutani,ksb,0
leeza store,ls,0
om sai latest creation,oslc,0
tiny hug,th,0
bhana style,bs,0
chini c,cc,0
color cocktail,cc,0
geeta creation,gc,0
k's kids,k,0
plan toys,pt,0
sky shoppie,ss,0
bella moda,bm,0
blu mnky,bm,0
callino london,cl,0
kalakari india,ki,0
lee bonee,lb,0
little hip boutique,lhb,0
monte bianco,mb,0
moti textile,mt,0
sethi daughters,sd,0
urban fashion wear,ufw,0
ans a new story,aans,0
feather line,fl,0
kb team spirit,kts,0
see designs,sd,0
sirius toys,st,0
tee moods,tm,0
ajio plus,ap,0
calvin klein underwear,cku,0
eves beauty,eb,0
fashfun clothing,fc,0
high fame,hf,0
living scapes by pantaloons,lsbp,1
living scapes by pantaloons,lsp,1
never lose,nl,0
p n gadgil jewellers,p&gj,1
p n gadgil jewellers,pngj,1
ps pret by payal singhal,ppbps,0
skywear export,se,0
the indian garage co,tigc,1
townley girl,tg,0
b bella creation,bbc,0
dc comics,dc,0
f fungus,ff,0
fashion tadka west,ftw,0
jolie robe,jr,0
khushal k,kk,0
masculino latino,ml,0
only two feet,otf,0
skip hop,sh,0
enviously young,ey,0
inf frendz,if,0
live wire,lw,0
orange and orchid,o&o,1
orange and orchid,ono,1
zibi london,zl,0
aero jeans,aj,0
clark n palmer,cnp,1
clark n palmer,c&p,1
dragon i,di,0
fizzy goblet,fg,0
meera fab,mf,0
misfit panda,mp,0
monk jeans,mj,0
r for rabbit,rfr,0
spiritus by pantaloons,sbp,0
cavallo by linen club,cblc,0
cosa nostraa,cn,0
little kangaroos,lk,0
lucky blue,lb,0
second skin,ss,0
young forever,yf,0
alberto torresi,at,0
avaasa mix n' match,amm,1
avaasa mix n' match,amnm,1
avaasa mix n' match,avaasa,1
cca cross colors,ccc,0
jn sports,js,0
pretty loving thing,plt,0
raymond home,rh,0
toy balloon,tb,0
aero jeans womens,ajw,0
jump usa,ju,0
learning resources,lr,0
nimbal house,nh,0
unknown by ayesha,uba,0
bogg man shop,bms,0
ethnic empire,ee,0
ethnix by raymond,ebr,0
flavia creation,fc,0
genx by metro,gbm,0
nj croce,nc,0
rl rocklin men,rrm,0
suruchi sahitya,ss,0
the silhouette store,tss,1
asmitta jewellery,aj,0
ira soleil,is,0
marco ferro,mf,0
mickey and friends,mnf,1
mickey and friends,m&f,1
numero uno,nu,0
the essentials story,tes,0
anni designer,ad,0
hearst books,hb,0
jaipur vibes,jv,0
le3 ton with device,ltwd,0
mystere paris,mp,0
nebulous star,ns,0
ritu kumar,rk,0
scene stealer,ss,0
aady austin,aa,0
aks couture,ac,0
glauben posh,gp,0
ojas designs,od,0
pipa bella,pb,0
shooting star,ss,0
studio shringaar,ss,0
textile catalog,tc,0
aprique fab,af,0
aww hunnie kids wear,ahkw,0
daniel wellington,dw,0
rinaali dutt wadhwa,rdw,0
under fourteen only,ufo,1
xoxo paris,xp,0
bani women,bw,0
brave soul,bs,0
kids on board,kob,0
lee cross,lc,0
louis stitch,ls,0
mattel-fisher price,p,0
john pride,jp,0
madden girl,mg,0
may sun,ms,0
miar designs,md,0
ralph by ralph lauren,rbrl,0
rare roots,rr,0
ray j,rj,0
sg rajasahab,sr,0
under punch,up,0
born wear,bw,0
chalk by pantaloons,cbp,0
fs with fabstreet,fwf,0
llak jeans,lj,0
moov n go,mng,1
moov n go,m&g,1
bond street by red tape,bsbrt,0
cover story,cs,0
macrowoman w-series,m,0
oliver peoples,op,0
save more,sm,0
wills lifestyle,wl,0
amrutam fab,af,0
bella toes,bt,0
d to d lifestyle,dtdl,0
f fashiol.com,f,0
glam story,gs,0
jack in the box,jitb,0
nation polo club,npc,0
vintage loom,vl,0
viva n diva,v&d,1
viva n diva,vad,1
caca cina,cc,0
leading lady,ll,0
mash unlimited,mu,0
mr. kameej,k,0
the bear house,tbh,0
the eg store,tes,0
zaveri pearls,zp,0
half scale,hs,0
kami kubi,kk,0
london bee,lb,0
miss grace,mg,0
the local,tl,0
trishla india,ti,0
walk-n-style collection,c,0
zeeya luxury jewellery,zlj,1
angel in you,aiy,0
i toys,it,0
indian ink,ii,0
sports 52 wear,s52w,1
take 10,t10,0
the art people,tap,0
the real effect london,trel,0
amaya decors,ad,0
awg all weather gear,aawg,0
easies by killer,ebk,0
lux cozi,lc,0
readiprint fashions,rf,0
rod take's rts,rr,0
swiss cross,sc,0
wear your mind,wym,0
avaasa set,as,0
label ritu kumar,lrk,0
lc waikiki,lw,0
put chi,pc,0
rue collection,rc,0
ruff kids,rk,0
alc creations,ac,0
alsace lorraine paris,alp,1
crown sapphire,cs,0
jaipur rugs,jr,0
nanda silk mills,nsm,1
richard parker by pantaloons,rpbp,0
shira 24,s24,1
skola toys,st,0
ucb kids,ucbk,1
comfort plus,cp,0
joules by radhika,jbr,0
nonas jewellery,nj,0
reebok classic,rc,0
tarini nirula,tn,0
anghan brothers,ab,0
avant-garde paris,p,0
david beckham,db,0
ethnic cotler,ec,0
ethnic frills,ef,0
free living,fl,0
style shoes,ss,0
aapno rajasthan,ar,0
macrwoman w-series,m,0
madhuram textiles,mt,0
mode by red tape,mbrt,0
soft buddies,sb,0
ted harbor,th,0
dc shoes,ds,0
feel feet,ff,0
happy socks,hs,0
joe hazel,jh,0
john noble,jn,0
silk feet,sf,0
christian siriano,cs,0
elle studio,es,0
jb just black,jjb,0
rosso brunello,rb,0
two dots,td,0
vermilion lifestyle,vl,0
crimsoune club women,ccw,0
design by rao,dbr,0
forever young,fy,0
li'l tomatoes,t,0
lino perros,lp,0
signature sole,ss,0
baani creations,bc,0
evah london,el,0
gentlemen's outfitters usa,ou,0
gulmohar jaipur,gj,0
john players jeans,jpj,0
lounge dreams,ld,0
one friday,of,0
american eagle outfitters,aeo,0
boutique living,bl,0
dreamz by pantaloons,dbp,0
indian women,iw,0
simba-disney plush,p,0
twist 99,t99,1
angel eye,ae,0
get glamr,gg,0
indian dor,id,0
platinum studio,ps,0
sheen decor,sd,0
that gypsy,tg,0
toss winner,tw,0
eka lifestyle,el,0
elle kids,ek,0
frederique constant,fc,0
lavanya the label,ltl,0
oyelook designer,od,0
sabala handicrafts,sh,0
silai bunai,sb,0
slip in 2,si2,0
uf club,uc,0
bruno manetti,bm,0
danny daze,dd,0
el exclusivelane,ee,0
marvel spiderman,ms,0
my sweet angel,msa,0
off limits,ol,0
sakhi jaipur,sj,0
vs fashion,vf,0
enskons seamless,es,0
fab bucket,fb,0
frozen 2,f2,0
hunny bunny,hb,0
la firangi,lf,0
night addict,na,0
rider republic,rr,0
color me mine,cmm,0
free authority,fa,0
habere india,hi,0
the brat army,tba,0
true moda,tm,0
612 league,612l,1
buckle up,bu,0
modern crew,mc,0
18 fire,18f,1
431-88 by shweta kapur,bsk,0
agil athletica,aa,0
h ii h,hih,0
kanvas katha,kk,0
le espresso,le,0
antar agni clothing,aac,0
bleu velvet,bv,0
jaipur vastra,jv,0
jewels guru,jg,0
lee cooper kids,lck,0
point zero,pz,0
siendo desi,sd,0
commander shoes,cs,0
desi womaniya,dw,0
gulaab jaipur,gj,0
mamma presto,mp,0
picco massimo,pm,0
the kaftan company,tkc,0
aero bluez,ab,0
desi beats,db,0
first clap,fc,0
four seasons,fs,0
paul smith,ps,0
river of design,rod,0
silk bazar,sb,0
cold fusion,cf,0
mountain colours,mc,0
queen be,qb,0
samsara couture,sc,0
srijagdamba pearls dealer,spd,0
thread muster,tm,0
banarasi shop,bs,0
being fab,bf,0
bottega veneta,bv,0
local dhaaga,ld,0
pure luxuries london,pll,0
the flybees,tf,0
united 18,u18,0
c9 airwear,ca,0
culture carousel,cc,0
dolce crudo,dc,0
ethnic street,es,0
rosso fem,rf,0
shri chamundeshwari,sc,0
shuz touch,st,0
y can f,ycf,0
big banana,bb,0
denizen from levis,dfl,0
divine aroma,da,0
fine art publications,fap,0
jeanne arthes,ja,0
london bridge,lb,0
todd n teen,tnt,1
todd n teen,t&t,1
diesel kids,dk,0
olive mist,om,0
passion petals,pp,0
pranay baidya,pb,0
the tie hub,tth,0
alvaro castagnino,ac,0
noble curve,nc,0
secret wish,sw,0
tiny girl,tg,0
cardinal games,cg,0
madrasi checks,mc,0
onitsuka tiger,ot,0
sleek italia,si,0
the vanca,tv,0
tina eapen collective,tec,0
all ways you,awy,0
fancy fluff,ff,0
fill cryppies,fc,0
pampy angel,pa,0
purple water,pw,0
scarlet creations,sc,0
six yards plus,syp,0
soul space,ss,0
viral girl,vg,0
ajio blue,ab,0
chhabra 555,c555,1
colvynharris jeans,cj,0
diva walk exclusive,dwe,0
fioni night,fn,0
melange by lifestyle,mbl,0
spice art,sa,0
akkriti by pantaloons,abp,0
elite icloth,ei,0
home sizzler,hs,0
zizo by namrata bajaj,zbnb,0
indian flower,if,0
mtv roadies,mr,0
shangrila sarees,ss,0
slice of bengal,sob,0
true blue,tb,0
urban ranger by pantaloons,urbp,1
urban ranger by pantaloons,urp,1
alk beton,ab,0
black snow,bs,0
flat n heels,f&h,1
flat n heels,fnh,1
leather world,lw,0
newrie london,nl,0
isha trade,it,0
mf next com,mnc,0
mirchi fashion,mf,0
rainbow bubbles,rb,0
t rock,tr,0
vicenza lifestyle,vl,0
cubic fun,cf,0
deepa gurnani,dg,0
global rich,gr,0
modi kurta,mk,0
soru fashion,sf,0
urban scottish,us,0
varkha fashion,vf,0
bb junior,bj,0
bow n bee,b&b,1
bow n bee,bnb,1
daniel klein,dk,0
i know,ik,0
joe black,jb,0
5th anfold,5a,0
american archer,aa,0
anika's creation,c,0
s&n by shantanu and nikhil,sbs&n,0
s&n by shantanu and nikhil,sbsnn,0
7 threads,7t,0
abiti bella,ab,0
modi jacket,mj,0
poetic piyani,pp,0
signature by sweet dreams,sbsd,0
tessa moda,tm,0
varkala silk sarees,vss,0
global step,gs,0
pause sport,ps,0
pop culture,pc,0
sg yuvraj,sy,0
the mom store,tms,0
venitian- for bidden clothing,fbc,0
lk lazy katz night wear,llknw,0
mardi gras,mg,0
rena love,rl,0
season creation,sc,0
the cotton company,tcc,0
zima leto,zl,0
aritos india,ai,0
club york,cy,0
dealseven fashion,df,0
fashion almari,fa,0
jas robes,jr,0
ribbon candy,rc,0
trendy rabbit,tr,0
american bull,ab,0
fab forever,ff,0
noorani biswas,nb,0
satya paul,sp,0
sun staches,ss,0
across the pond,atp,0
hps sports,hs,0
kids craft,kc,0
national geographic,ng,0
present creation,pc,0
rmsr basak,rb,0
roots by ruggers,rbr,0
anonymous co,ac,0
hush puppies,hp,0
jevi prints,jp,0
pi world,pw,0
trance home linen,thl,0
wish karo,wk,0
alex toys,at,0
karmic vision,kv,0
park avenue women,paw,1
sj slumber jill,ssj,0
thunder jeans,tj,0
banarasi silk works,bsw,1
bombay high,bh,0
jaipur pride,jp,0
new cotton curio,ncc,0
rh us-house of collectibles,roc,0
taro india,ti,0
clo clu,cc,0
fly fashion,ff,0
i am for you,iafy,0
lee cooper women,lcw,1
parrot crow,pc,0
toddlers lic,tl,0
blanc 9,b9,1
haute diva,hd,0
love diana,ld,0
de moza,dm,0
fashion ritmo,fr,0
missali 1932,m1932,1
patriot apparels,pa,0
the label life,tll,0
double two,dt,0
fort collins,fc,0
jean café,j,0
man o' war,mw,0
tara c tara,tct,1
indie picks by ajio,ipba,0
jaconet apparel,ja,0
jealous 21,j21,1
the clownfish,tc,0
house this,ht,0
king apparel,ka,0
saint laurent,sl,0
sg leman,sl,0
vintage love,vl,0
anuka jewels,aj,0
carpet couture,cc,0
design gaatha home living,dghl,0
los polistas,lp,0
indie picks essentials,ipe,0
la loft,ll,0
label kara,lk,0
milano torre,mt,0
bishop cotton,bc,0
textile nation,tn,0
young trendz,yt,0
pink woman,pw,0
pmd fashion,pf,0
salwar studio,ss,0
sofia baldi,sb,0
crimsoune club,cc,0
halton hills,hh,0
modern ant,ma,0
pierre cardin,pc,0
stella mccartney,sm,0
fashion cult,fc,0
indian virasat,iv,0
kvs fab,kf,0
magnetic designs,md,0
solid styles,ss,0
taanz womens,tw,0
a clutch story,acs,0
claude bernard,cb,0
next look,nl,0
red chief,rc,0
shaftesbury london,sl,0
arriva fab,af,0
aruna sarees,as,0
doctor feel soft,dfs,0
ethnic curry,ec,0
homeplus retails,hr,0
shree shubh,ss,0
vishnu weaves,vw,0
day 2 day,d2d,1
weave and knits,wnk,1
weave and knits,w&k,1
zink london,zl,0
adamo london,al,0
blue saint,bs,0
ethnic junction,ej,0
khoday williams,kw,0
fair deal innocence,fdi,0
ganuchi by franco leone,gbfl,0
one step,os,0
nangalia ruchira,nr,0
new balance,nb,0
nins moda,nm,0
basiics by laintimo,bbl,0
le firangi,lf,0
rajesh pratap singh,rps,0
underjeans by spykar,ubs,0
voi jeans,vj,0
american eye,ae,0
belle fille,bf,0
reliance jewels,rj,0
road rockers,rr,0
bck by buckaroo,bbb,0
linen club,lc,0
medhya label,ml,0
rbe- crayola,c,0
the blouse factory,tbf,0
vardan prints,vp,0
avdhut trading,at,0
royal reel films,rrf,0
sanaa creations,sc,0
uptownie lite,ul,0
12 angel design world,12adw,0
british club,bc,0
glam roots,gr,0
one liner,ol,0
savastra couture,sc,0
gehena by estele,gbe,0
neeta lulla,nl,0
vastraa fusion,vf,0
burnt umber,bu,0
genius box,gb,0
mcq-alexander mcqueen,m,0
we square 97s bros,ws9b,0
x blues,xb,0
jewels capital,jc,0
sbo fashion,sf,0
sej by nisha gupta,sbng,0
adjoin steps,as,0
funku fashion,ff,0
runway ritual,rr,0
women touch,wt,0
fifty two,ft,0
lee moda,lm,0
the magic wand,tmw,1
vivid india,vi,0
daily objects,do,0
fashion comfortz,fc,0
the man company,tmc,1
beverly blues,bb,0
jb studio,js,0
jbn creation,jc,0
raymond weil,rw,0
ww won now,wwn,0
do bhai,db,0
dupatta world,dw,0
le petit moineau,lpm,1
tim n cook,t&c,1
tim n cook,tnc,1
varsiddhi fashions,vf,0
aesthetic bodies,ab,0
aj dezines,ad,0
satya fusion,sf,0
bitiya by bhama,bbb,0
infinity nado,in,0
moda hombre,mh,0
mode rebel,mr,0
shriya som,ss,0
361 degrees,361d,1
69th avenue,6a,0
as trend,at,0
ginger by lifestyle,gbl,0
vento varme,vv,0
bhoomi style,bs,0
blisser pro,bp,0
indian terrain boys,itb,0
tutti frutti,tf,0
diana korr,dk,0
jakks pacific,jp,0
lapis o lupo,lol,0
rare rabbit,rr,0
rg designers,rd,0
titan sunglass,ts,0
bhuwal fashion,bf,0
budding bees,bb,0
la filaments,lf,0
alexander mcqueen,am,0
cross jeans,cj,0
miss forever,mf,0
nv bhandar,nb,0
harvard common press,hcp,0
just fashion,jf,0
steorra jewels,sj,0
jq by ayesha,jba,0
molcha by babita singh,mbbs,0
rangeelo rajasthan,rr,0
vida loca,vl,0
royal brats,rb,0
saffron threads,st,0
the hollander,th,0
the souled store,tss,0
black coffee,bc,0
i addicted,ia,0
le bourgeois,lb,0
yellow apple,ya,0
bailey sells,bs,0
diva walk,dw,0
instafab plus,ip,0
silk land,sl,0
flip jack,fj,0
r k maniyar,rkm,0
thomas pink,tp,0
whp jewellers,wj,0
shoe alive,sa,0
swiss design,sd,0
toy story,ts,0
charu desi,cd,0
clog london,cl,0
jjaagg t,jt,0
pikmi pops,pp,0
amipara creation,ac,0
gio collection,gc,0
jacques bogart,jb,0
just cavalli,jc,0
miss chase,mc,0
wave walk,ww,0
hundo p,hp,0
only vimal-apparel,o,0
sky heights,sh,0
charming jewels,cj,0
iscon empex,ie,0
mypac db,md,0
bey blade,bb,0
bright cotton,bc,0
fs foot stair,ffs,0
appealing home,ah,0
wine lady,wl,0