Word,Hinglish Translation
trackpants,traik paint
stoles,stolais
mehendi,mehandee
burnt,jala hua
olivce,jaitoon
glass,kaanch
polishes,polish
tencel,tainchail
sultan,sulataan
flamingo,maraal
blazers,blezar
raven,kaala kaua
alpine,alpain
confetti,kamfeddee
pieces,tukade
mangoyellow,mangoyaillow
gemstones,ratn
shaper,shepar
sports,khel
medium,madhyam
all,sab
primrose,halake peele rang ka
magnata,taikoon
geo,bhoo
snow,himapaat
nightwear,raat
notebook,smaran pustak
nailhead,naakhoon sir
nosepins,nosaipins
up,yoopee
nautical,samudree
purses,pars
optic,optik
ramagreen,ramagraiain
nantucket,nantuchkait
camisole,angiya
sweater,svetar
mint,jaisa
espresso,vyakt
coasters,kostar
chartreuse,shaatrez
chocolatebrown,chokaletee bhoora
vermillion,vairmillion
rustic,dehaatee
gyellow,peela
blended,mishrit
wayfarer,pathik
chinese,cheenee
prep,prastut karane ka
chilli,chillee
algae,shaivaal
blacka,blachk
bronw,peetal
directoire,nirdeshika
stylised,shaileekrt
tangail,taingail
care,kaun kaun se
malibu,maalibu
laptop,laipatop
nero,kaalee
new,naya
sapphire,neelam
mulricoloured,saarang
slipcovers,slipchovairs
choco,choko
tiered,tiairaid
kurtas,kurta
churidars,churidarsh
rblue,rbluai
scraped,skrep kee gaee
almond,baadaam
bean,sem
fuschsia,phyooshiya
tannin,taneen
poplin,paanpaleen kapada
partially,aanshik roop se
religious,dhaarmik
TRUE,sach
ruby,maanik
musturd,sarason
muiticoloured,saarang
bathroom,baatharoom
beauty,sundarata
lurex,luraix
semi,arddh
abstract,saar
loose,dheela
charcol,chharchol
rise,vrddhi
school,skool
back,vaapas
phone,fon
gry,khel
flare,chamak
raincoats,renakot
mushroom,masharoom
begie,baigiai
silvertoned,silvairtonaid
tobacco,tambaakoo
colour,rang
fold,tah
pillow,takiya
culottes,jaanghiya
rust,jang
reds,laal
natural,praakrtik
blushpink,gulaabee rang ka
seaweed,samudree sivaar
eclipse,grahan
sweet,mithaee
tones,tan
blazer,rangeen jaaket
militery,sainy
chanderi,chanderee
fourth,chautha
crystals,kristal
laptops,laipatop
tonned,tonnaid
sneakers,sneekars
briefs,kachchha
scarlet,laal
smoked,smokd
dk,minat
fit,phit
minaudiere,minaudiairai
brazillian,braazeeliyaee
pyjama,paajaama
duffel,duffail
lipstick,lipastik
ucla,yooseeele
multicolour,bahuranga
multicoloureed,saarang
electric,bijalee
dyed,saarang
splatter,chheente
cloud,baadal
jewellery,aabhooshan
mousse,jhaag
yelllow,yailllow
bllack,kaalee
ashy,asahay
sulphur,gandhak
extra,atirikt
lacquer,laah
oiive,jaitoon
met,saath mein
moore,moor
muti,myootee
british,angrejon
serenity,shaanti
nay,ab se
calf,gaay ka bachcha
moccasins,mokaasin
trekking,traiking
patent,petent
handloom,hathakaragha
men,parantu
servant,naukar
of,ka
gels,jail
lichen,kaee
cushions,kushan
blaack,blaachk
jamevar,jamavaar
slides,slaid
gray,dhoosar
copper,taamba
whie,saphed
platinum,plaitinam
purples,bainganee
necklaces,haar
aloha,aloh
beoge,bej
cup,kap
holder,dhaarak
iron,loha
teaberry,taiabairry
blak,kaalee
lightgrey,halka bhoora rang
butter,makkhan
spice,chaat masaala
mullticoloured,saarang
pillows,takie
creams,kreem
velour,vailor
around,chaaron or
placemats,mait
whte,saphed
sunshine,dhoop
blie,bliai
houses,makaanon
whtie,saphed
saint,sant
moon,chaand
spectra,spektra
bralettes,bralaittais
on,par
tie,guloband
gree,graiai
azure,neela
sartho,byaaj
burgendy,baragandee
beetle,bhrng
re,phir se
tools,upakaran
lea,ven
lycra,laikra
royal,raajasee
puzzle,pahelee
swimwear,svimaviyar
nugget,sone ka dala
multicolourd,saarang
princess,raajakumaaree
bedsheets,chaadare
iwhite,saphed
ramie,haath
short,kam
multi,bahu
stucco,plaastar
neavy,tum nahin
fawn,halake peele rang ka
parrot,tota
concrete,thos
melba,mailb
twilight,saanjh
runners,dhaavakon
thyme,ajavaayan ke phool
heather,heeth
mazarine,gahare neele rang ka
trackers,traikar
ring,angoothee
shift,khisak jaana
stackable,stachkablai
cufflinks,kafalink
air,vaayu
dreen,muftaqor
rosin,raal
melnge,milaavat
muiltcoloured,saarang
castor,rendee
fitness,phitanes
key,chaabhee
tribal,aadivaasee
me,mein
marine,samudree
olivegreen,jaitoon hara
greu,kathin
dak,daak
majanta,majainta
acetate,eseetet
pu,sakata hai
bow,dhanush
sage,saadhoo
marl,chikanee mittee
bottom,tal
fluorescent,phlorosent
victoria,viktoriya
ashley,eshale
atlantic,atalaantik
creambrown,chraiambrown
artisan,shilpakaar
bootcut,boot kat
icy,thanda
formula,sootr
tea,chaay
self,svayan
boots,joote
fischia,seetee
nayv,anubhavaheen
action,kaary
peel,chhaal
espadrilles,aispadrillais
canvas,kainavaas
geen,nahin
slippers,chappalen
accessories,saamaan
mblue,mbluai
turquoiseblue,samudree neela
musline,muslinai
bottomwear,bottomwaiar
rompers,rompairs
windcheaters,windchhaiatairs
blck,blchk
meblue,maibluai
castle,mahal
sde,sdai
nick,chhed
heritage,viraasat
ec,chunaav aayog
spruce,sajaana
indian,bhaarateey
anti,virodhee
sanitizers,sanitizairs
cleaning,saphaee
swimsuits,svimasoot
chacoal,kampan
product,utpaad
burgery,burgairy
tracksuits,trachksuits
pomergranate,anaar
nectar,amrt
cornflower,kornaflaavar
merlot,mairlot
bikinis,bikanee
work,kaam
camis,chamis
crocodile,magaramachchh
metal,dhaatu
ultra,atyant
teek,tikatik
mendhi,mehandee
sudan,soodaan
snapbacks,snapbachks
cargos,prabhaar
wrought,gadha
narrow,sankeern
long,lamba
pouch,thailee
satin,saatan
loafers,lofars
circular,paripatr
strap,patta
jeggings,jaiggings
bottle,botal
ivory,haathee daant
balsam,baam
sienna,siena
cyan,siyaan
butterscotch,bataraskoch
muticolured,muticholuraid
blueda,bluaid
corset,cholee
bust,bast
printed,mudrit
rani,raanee
patriot,desh-bhakt
desert,registaan
turuoise,firoza
bubble,bulabula
signal,sanket
large,vishaal
estate,jaayadaad
emerald,panna
club,klab
shield,dhaal
hoops,hups
nightshirt,neeche pahanane kee raat kee qameez
muticoloured,muticholouraid
cashmere,kashmeeree
peacoat,paiachoat
shirt,kameej
sulphate,salphet
kempu,shivir
wristbands,ristabaind
plain,maidaan
crimson,gahara laal
sky,aakaash
ecru,kapade ka asalee rang
cutlery,katalaree
this,yah
darkblue,gahara neela
toupe,toopaee
almondine,almondinai
day,din
bangle,bangale
athletic,pusht
sanitary,sainitaree
tummy,pet
satchels,satchhails
pvc,peeveesee
ghagra,ghaagara
cream,malaee
pomegranate,anaar
masks,maask
fuschia,fuschhi
force,bal
jungle,jangal
brugundy,baragandee
rayon,jila
timewear,timaiwaiar
ups,yoopeees
racks,raik
bermudas,baramooda
neon,neeyan
apricot,khubaanee
grye,bhuna hua
ream,bees jista kaagaj
fog,kohara
bl,beeel
boxer,boksar
numeric,sankhyaatmak
breated,braiataid
cuffs,kaph
cat,billee
art,kala
shaving,hajaamat banaane ka kaam
friar,tapasvee
mehandi,mehandee
kelly,kelee
formal,aupachaarik
boleros,bolero
mulitcolor,bahuranga
pristine,praacheen
juniper,junipar
persian,faarasee
babydoll,bebee dol
chunky,chankee
tanchoi,tanchhoi
oak,baloot
card,kaard
sout,saut
cantaloupe,kharabooja
peah,paiah
cappuccino,kaipuchino
gols,lakshy
crown,taaj
azur,neela
sterling,vaastavik
earings,aiarings
thin,patala
pullover,pul ovar
topwear,topwaiar
city,faridabad
beige,bej
asfalt,daamar
fusion,vilay
multicooured,saarang
jaquard,jachquard
tobned,tobnaid
grapefruit,chakotara
rock,chattaan
pea,sir
stud,tek
dkolive,dkolivai
mekange,maikangai
home,ghar
depths,gaharaee
tango,taingo
yellowx,yaillowx
watches,ghadiyon
blued,bluaid
charcoal,lakadee ka koyala
nuetral,tatasth
table,taalika
bule,videshee paryatak
royale,raajasee
se,mujhe pata hai
liquorice,leekoris
legion,sainy tukadee
hedge,bachaav
bugundy,aaj
front,saamane
arrow,teer
toy,khilauna
darkpink,gahare gulaabee
barely,mushkil se
seat,seet
chevrons,chhat
narrrow,sankeern
aleutian,eleutiyan
iris,aankh kee putalee
furniture,pharneechar
lead,netrtv
yell,yaill
sling,gophan
foldover,modana
sheer,nira
kurti,banaana
lemonade,neembu paanee
panties,jaanghiya
softness,mrduta
punk,gunda
messenger,doot
basic,buniyaadee
lavender,laivendar
firebrick,firaibrichk
rec,aareesee
olympian,olimpiyan
ballerina,baile nrtyakatree
laundry,dhobeeghar
reptile,saanp
aviator,havaabaaz
coral,moonga
melange,mishrit
cr,karod
combo,kombo
golden,svarn
sunflower,soorajamukhee
mutlicolor,bahuranga
dusky,kaala
see,dekh
tikkas,daart
studs,stad
mauve,chamakeela gulaabee rang
outdoor,ghar ke baahar
musical,sangeet
wne,sadee ee
glacier,himanad
frutti,phal
truffle,kavak
majenta,maijenta
wheat,gehoon
rainwear,barasaatee
equipment,upakaran
oilve,jaitoon
onyx,gomed
duck,battakh
wearables,pahanane yogy
rectangular,aayataakaar
rinse,kulla
travel,yaatra
mehroon,meharoon
watermelon,tarabooj
greens,saag
miscellaneous,vividh
wide,chauda
thigh,jaangh
capes,chapais
brown,bhoora
material,saamagree
clutches,changul
mutilcoloured,bahu rang ka
swan,hans
snorkel,snorkal
taffy,taafee
surf,lahar
char,chaar
winter,sardee
saucers,tashtaree
knives,chaakoo
frame,dhaancha
tote,dhona
garage,geraaj
ensign,prateek
hadfield,hadfiaild
depth,gaharaee
liners,lainars
stones,patthar
aroma,sugandh
deodorants,deeodarant
gunmetal,gunmaital
oatmeal,daliya
curtains,parde
cobblestone,patthar
multiccoloured,saarang
elfin,pari-sambandhee
fucshia,phyooshiya
checked,jaanch
radiance,chamak
ecred,aichraid
weather,mausam
navu,ham hain
ref,sandarbh
innerwear,inaraviyar
grayish,bhoora
midnight,aadhee raat
purlpe,bainganee
periwinkle,ek prakaar kee vanaspati
pencil,pensil
flex,phleks
black,kaalee
cobalight,chobalight
guard,rakshak
whitw,saphed
peack,paiachk
haute,uchch
atlantis,atalaantis
magneta,chumbak
duffle,dufflai
baroque,baarok
storm,aandhee
thermal,tharmal
chains,chen
jacket,jaiket
tawny,gahare peele ke rang ka
feeding,khila
smartphones,smaartaphons
cuff,kaf
colourblocked,cholourblochkaid
nulticoloured,saarang
palm,hathelee
grease,greez
bliss,paramaanand
chip,tukada
hoodies,hoodiais
carolina,kairolina
ashey,aata he
lilly,lilee
folds,silavaton
special,vishesh
suit,soot
piping,paipalain
ellow,aillow
sea,samudr
island,dveep
verdant,sabz
leafy,pattedaar
baguette,baguaittai
low,kam
polos,dande
off,band
books,pustaken
vehicles,vaahanon
oxford,oksaford
moonlinght,chaandanee
yellowmediu,yaillowmaidiu
macadamia,maikaadaamiya
darkgreen,gahara hara
singlets,singlaits
training,prashikshan
banded,dhaariyon
tissue,ootak
olive,jaitoon
wood,lakadee
gaming,jua
mufflers,maphalar
gond,dhyaan
bliue,netrtv
love,prem
yolk,jardee
barbados,baarabaados
suits,soot
mules,khachcharon
squares,vargon
stretch,khinchaav
bodies,shav
bombers,hamalaavaron
window,khidakee
track,dhaavan path
bronze,peetal
assorted,mishrit
honey,shahad
anthra,anthr
kakhi,haakee
muted,maun
gifts,upahaar
kl,par
ecnvy,aichnvy
voile,paal
tracks,patariyon
shrug,kandhe uchakaane kee kriya
hoop,aasha
toner,tonar
multicolored,saarang
none,koee nahin
beiige,baiiigai
glo,maanana
grenn,beej
darkindigo,darakindigon
gery,rode
meganta,maijenta
dancer,nartakee
flora,vanaspati
flax,san
holographic,holograaphik
lilac,bakain
cloudy,baadal
solver,solvair
preciousstones,keematee patthar
turquoise,firoza
paisley,paizale
banana,banaana
organisers,aayojakon
fragrances,sugandh
crux,jad
badminton,baidamintan
hipsters,hipastars
bum,boom
cricket,kriket
matte,mait
forget,bhool jao
washed,dhoya
pepper,mirch
aspen,aispan
beown,baiown
federal,sangheey
metalic,dhaatu ka
parisian,peris ka
garden,bageecha
cognac,kognek
anklets,paayal
clutch,klach
ocean,saagar
aubergine,baingan
flower,phool
ombre,saaya
birch,santee
vanilla,vaneela
teaal,taiaal
nehru,neharoo
wristlet,kangan
flop,phlop
ginger,adarak
wallets,pars
peachy,aadoo ka
coffy,kophee
ashes,raakh
wjite,saphed
babydolls,chhotee gudiya
messengers,doot
dungarees,dungaraiais
ice,barph
cocoa,koko
turtledove,kachhua kabootar
wmelange,wmailangai
fossil,jeevaashm
taffeta,tafata
shapewear,shapaiwaiar
catonic,chatonich
chalk,chaak
granite,grenait
strawberry,stroberee
other,any
ceramic,cheenee mittee
ht,hindustaan taims
multicloured,saarang
melon,kharabooj
tealblue,chaitee neela
lazer,manoranjan
abstarct,saar
jhumkas,jhumakas
winterwear,wintairwaiar
sweaters,svetar
redu,theek
loungewearsets,loungaiwaiar set
rpink,gulaabee
bluebell,ghantee
dream,sapana
linen,linan
mixture,mishran
basketball,baasketabaal
photo,tasveer
floral,pushp
cadet,kaidet
emarald,aimarald
terra,bhoomi
lightblue,halka neela
ed,eedee
fushcia,phyooshiya
dusty,matamaila
caviar,kaiviyaar
milange,milangai
dove,vah kahaan hai
dusk,godhooli bela
small,chhota
drops,drop
cheekinis,murgee
bright,ujjval
red,laal
baby,bachcha
boxers,mukkebaajon
gowns,gaun
nav,nahin hain
stationary,sthaavar
fresh,taaza
tout,sab
almost,lagabhag
face,chehara
jhumka,jhumaka
universal,saarvabhaumik
danglers,danglairs
tunics,angarakhe
frames,phrem
noir,kaalee
browm,bhoora
burgunday,baragandee
navyfe,navyfai
poly,paalee
capris,chaprichais
envelope,lifaafa
rhinestones,sphatik
kada,kab
mutticoloured,saarang
bloom,phool ka khilana
upper,ooparee
jars,jaar
mary,meree
boys,ladake
acorn,baloot ka phal
multicolours,multicholours
cerulean,aasamaanee
ivy,aaivee lata
pompeian,pompiyan
rosewood,sheesham
diffusers,diphyoozar
shantoon,pahaad ka toon
hipster,hipstar
collars,kolar
bangles,choodiyaan
square,varg
cotta,pakaaya
multicoloour,bahuranga
maagenta,maaganta
vm,veeem
geranium,gairanium
straight,seedhe
windbreakers,windbraiakairs
totes,sab
outerwear,oopar ka kapada
ltolive,ltolivai
dust,dhool
bedding,bistar
dlue,dluai
acqa,achq
show,pradarshan
glasses,chashma
mud,keechad
strom,bijalee
waffle,vafal
caliste,chalistai
camellia,kameelaya
space,antariksh
boxes,bakse
padded,gudaguda
platters,thaalee
side,paksh
garter,getis
loop,paash
breathable,saans
oyster,seep
darkbeige,darkbaiigai
washes,dhone
celery,ajavaayan
stationery,steshanaree
gladiators,glediyetars
nosepin,nosaipin
tourquiose,firoza
sliver,tootakar alag ho jaana
gum,gam
gun,bandook
rumba,roomba
egg,anda
mang,maang
playful,chanchal
woven,bunee
tutu,tootoo
pirate,samudree daakoo
chocolate,chokalet
has,hai
robes,kapade
multiicoloured,bahu rang ka
assroted,assrotaid
gillets,gilaits
deco,deko
blue,neela
kitchen,rasoee
pearly,motee ke rang ka
caps,topiyaan
bluet,bluait
sliders,slaidars
activity,gatividhi
jacquard,jachquard
cobalt,kobaalt
baltic,baaltik
army,sena
multiciloured,saarang
graphite,seesa
risk,jokhim
shell,khol
herb,jadee bootee
alaskan,alaaska
rugs,kaaleenon
whiet,saphed
saffron,kesar
mobile,mobail
plates,pleten
toned,tond
pistachio,pista
inner,bheetaree
hibiscus,hibiskus
multicouloured,multichoulouraid
teel,raaste mein
lyellow,peela
sodalite,sodalitai
sleeves,aasteen
multicololured,saarang
ghost,bhoot
hunter,shikaaree
platforms,pletaphaarmon
mattress,gadda
khaki,khaakee
tropical,ushnakatibandheey
mats,mait
collectibles,sangrahanata
florescent,phlorosent
blankets,kambal
melage,mishrit
cerise,cheree
whiter,whitair
doll,gudiya
treatments,upachaar
armlets,baajooband
slub,shaadee
genuine,vaastavik
tshirts,tee-sharts
dual,doharee
dress,poshaak
creram,maana jaata hai ki
grooming,sanvaarane
multioloured,saarang
henleys,hainlaiys
novelty,naveenata
rexine,raixinai
make,banaana
pitchers,ghada
spacegrey,aasamaanee bhoora
barley,jau
steam,bhaap
tarmac,daamar
beetroot,chukandar
multicolorured,saarang
brushed,brash
error,truti
tone,sur
oxidised,okseekrt
mehndi,mehandee
asssorted,mishrit
pistaa,pista
mulicoloured,bahu rang ka
wayfarers,wayfarairs
anarkali,anaarakalee
bands,baind
punch,panch
snake,saanp
brunette,shyaamala
butterfly,titalee
aquamarine,akvaamareen
gables,gaibals
blues,blooz
seashell,saagar kee kaudee
pique,kukm ke patte
prussian,prashiya
churidar,choodeedaar
tops,sabase oopar
maroon,laal rang
faded,pheeka
popsicle,popsichlai
harbor,bandaragaah
grass,ghaas
brand,braand
biege,jhukana
deep,gahara
trunks,chaddee
heeled,edee
decadent,avanati ka
nebulas,dhundh
lettuce,salaad
dutch,dach
marun,meree
rim,kinaara
muslin,malamal
vest,baniyaan
woody,vudee
been,gaya
mlticoloured,saarang
midnightgreen,midnightgraiain
skins,khaal
cashew,kashyu
celeste,halka neela
brpwn,prpon
nighti,nighati
lauren,loren
herringbone,herringabon
cartoon,kaartoon
burners,barnar
fourths,chauthaee
bottole,botal
aruba,arooba
perfumes,itr
rusty,zang khaaya hua
cashmrblu,chashmrblu
filigree,chaandee ke maheen
faint,behosh
dry,sookha
multicolorued,saarang
magnta,chumbak
makhani,makhanee
chemise,kameej
pre,ke liye
swings,jhoolon
shrugs,kahate hain
multicooloured,saarang
indigp,neel
turquise,firoza
pear,naashapaatee
legend,kinvadantee
eton,eetan
oliv,jaitoon
each,se pratyek
weave,bunana
buckets,baaltee
crochet,chrochhait
role,bhoomika
candy,kaindee
mustrad,paitarn
soft,mulaayam
mellon,melon
tq,vah
mallard,jangalee battakh
drk,darak
fusha,khet
string,taar
strands,kismen
purple,bainganee
lightpink,halka gulaabee
line,lain
russian,roosee
drak,ajagar
magntafusha,magntafush
single,ek
shiners,aaeena
wash,dhulaee
tunic,angarakha
muliticoloured,muliticholoraid
vintage,vintej
columbier,cholombiair
mirror,aaeena
bodycon,bodychon
maternity,maatrtv
laceups,pheeta baandhana
tights,taitas
cut,kat gaya
shadow,saaya
voilet,voilait
with,saath mein
candyfloss,kaindee ka phlos
base,aadhaar
heathe,haiathai
marble,sangamaramar
oange,oangai
chic,thaath
gole,lakshy
mahndigreen,mahandeegreen
stonewash,pathareelee dhulaee
purpose,uddeshy
orange,santara
flip,phlip
ink,syaahee
sun,ravi
apple,seb
lue,padhana
optical,optikal
clay,chikanee mittee
protectors,sanrakshak
airforce,eyaraphors
heavily,bhaaree
loungewear,loungaiwaiar
crepe,krep
borown,bhoora
laurel,lorel
crab,kekada
chestnut,shaahabaloot
purplr,bainganee
shackets,shachkaits
double,dohara
cups,kap
feminine,sangya
russet,laal sa
sweatshirts,swaiatshirts
blazing,prajvalan
muulticoloured,saarang
earthy,mittee kee
tiger,baagh
chrismass,krisamas
shoulder,kandha
darts,daart
pocket,jeb
closure,samaapan
stainless,stenales
coloured,rangeen
metallic,dhaatu ka
jumpsuit,jampasut
seafoam,samudree phom
festive,utsav
mukticoloured,muktikoloured
ashen,aao
aahley,aahlaiy
open,khula hua
sharara,sharar
knee,ghutana
dhoti,dhotee
width,chaudaee
comforters,kamfartar
blu,bloo
umber,bhoora rang
bark,chhaal
honeygold,honaiygold
bute,butai
enthra,ainthr
dhurries,dhurriais
orage,aandhee toophaan
anthramelange,anthramailagai
rings,ke chhalle
synthetic,krtrim
mal,baar
sheets,patrak
bucket,baaltee
coverups,chhipaana
blac,blach
towels,taulie
mid,madhy
multicoloued,multicholouaid
footbed,footbaid
marron,bhoora
camisoles,chamisolais
flamboyant,chamakeela
cameo,kaimiya
nlue,nluai
peachxl,paiachhxl
misty,dhundhala
tapered,patala
american,amerikan
dummy,damee
rear,peechhe
strings,taar
football,futabol
cuba,kyooba
peacock,mor
shawls,shol
aliceblue,alichaibluai
choli,cholee
moroccan,morakko
brunt,chot
teakwood,saagaun kee lakadee
danube,denyoob
forrest,phorest
skorts,kam
chevron,shahateer
lime,choona
junior,kanishth
peanut,moongaphalee
whiteorange,whitaiorangai
ocre,geroo
neutral,tatasth
chili,chilee
palazzo,mahal
burgundy,baragandee
coats,kot
ponderosa,pondairos
botanical,vanaspati
geometric,jyaamitik
ballet,baile
bold,saahasik
lavander,lavandair
blousons,jaiket
coin,sikka
backs,peeth
spread,phailaav
greymelange,gre rang
the,
slips,phisal jaata hai
bordeaux,bordo
chikoo,cheekoo
burgundu,baragandee
bi,ke saath
holders,dhaarakon
baseball,besabol
wallet,batua
notebooks,notabuk
waistcoat,vaaskat
quilt,rajaee
hair,kesh
assortedc,assortaidch
praline,ek prakaar kee mithaee
pakistani,paakistaanee
borwn,saadhan
grecian,grees desh-sambandhee
coffe,kophee
captains,kaptaanon
galaxy,aakaashaganga
catoinic,chatoinich
china,cheen
diamond,heera
western,pashchimee
heels,heel
kahki,jaisa sahee hai
burant,burant tee
alloy,mishr dhaatu
jade,jed
rococco,rokoko
cshmr,chshmr
bamba,baamba
fabric,kapada
waistband,kamaraband
gladiator,talavaar chalaanevaala
blouse,blauj
white,saphed
peach,aadoo
bracelets,kangan
sandalwood,chandan
seablue,neela samudr
sarees,saadiyon
chickoo,chhikoo
lapel,anchal
diaries,daayariyon
suspender,chhantanee
muave,muawiy
clean,svachchh
acid,aml
bathing,nahaana
lightbeige,prakaash bej
cambric,kimarikh
board,mandal
citrus,saitras
tutti,sab
mulricolour,mulricholour
suede,saabar
figurines,moortiyon
basics,mool baaten
pendant,jabaki
champagne,shanpen
colourblock,cholourblochk
smokey,smokee
pewter,paaritoshik
sunglasses,dhoop ka chashma
napkins,pattiyaan
mineral,khanij
opal,doodhiya patthar
broun,braun
crystal,kristal
hotpink,garam gulaabee
kosa,truti
sets,set
waistcoats,waistchoats
purplejava,purplaijav
skirts,skart
lounge,launj
bristol,bristal
mahendi,mehandee
melanage,melanaage
greymalange,graiymalangai
socks,moze
active,sakriy
superhero,supar heero
skater,sketing karanevaala
flannel,falaalain ka
multidoloured,multidolouraid
egret,safed bagula
potion,poshan
multiocloured,saarang
dynastic,vanshavaadee
appliqued,appliquaid
no,nahin
coveralls,chovairalls
body,tan
cone,kon
launch,prakshepan
dye,daee
multcoloured,bahu rang ka
admiral,edamiral
assorterd,assortaird
gift,upahaar
wedges,waidgais
yllow,peela
imperial,shaahee
skyblue,aasamaanee neela
pinik,pikanik
bluie,bluiai
brooches,jadau pin
guns,bandooken
oranage,santara
cosmopolitan,kosmopolitan
tube,tyoob
tracksuit,traik soot
pyjamas,paajaama
jackets,jaiket
fruit,phal
pappaya,papeeta
earrings,kaan kee baalee
turqoiuse,firoza
soaps,dhaaraavaahikon
potent,prabal
yblue,ybluai
tennis,tenis
polycarbonate,poleekaarbonet
yellow,peela
tech,takaneek
cinnamon,daalacheenee
moss,kaee
darkgrey,gahara bhoora
leather,chamada
multicoloure,multicholourai
tempest,toofaan
greeen,graiaiain
mandarin,akarmany
shirts,shart
caramel,kaaramel
blacl,blachl
whit,vheet
mocha,kahava
etc,aadi
matt,mait
bruised,chot
cooper,koopar
brushes,brash
style,andaaj
nighties,nightiais
carrot,gaajar
loden,netrtv
seagreen,samudr hara
ash,esh
sorbet,sharbat
ultramarine,neela sa
funky,kaayarata
peackock,mor
multicolouredd,saarang
safari,saphaaree
slingbacks,slingabaik
bandhgala,bandhgal
duvets,rajaee
super,uttam
steel,ispaat
navyblue,gahara neela
chanti,baig
gecko,chhipakalee
urban,shaharee
candles,momabattee
onesies,onaisiais
leopard,tendua
rosegold,gulaab sona
torquoise,firoza
leg,taang
relaxed,dheel
dramatic,naatakeey
tailored,anuroop
sandals,saindal
smoke,dhuaan
arona,aron
multicolor,bahuranga
bblack,bblachk
quartz,kvaartj
andhra,aandhr
jewel,gahana
briefcase,breefakes
pink,gulaabee
violet,bainganee
backpacks,baikapaik
turkish,turkee
steal,churaana
classic,klaasik
kh,kah
mutlicoloured,bahu rang ka
mangalsutras,mangalasutraas
button,batan
gloves,dastaane
hoodie,topee vaala svetar
lily,lilee
wild,jangalee
cases,maamalon
viscose,viskos
combs,kanghee
support,sahayog
col,usake saath
evergreen,sadaabahaar
pendants,pendent
hazelnut,hezalanat
turmeric,haldee
wwhite,vaah
toneed,jaroorat ko
check,jaanch
light,roshanee
whitie,whitiai
bubblegum,babal gam
half,aadha
blast,visphot
multiocoloured,saarang
gerogette,jerog kya hai
derby,darbee
net,jaal
ankle,takhane
booties,bootiais
bralette,bralaittai
lifestyle,jeevan shailee
maximizer,adhikatam-karta
multicoloured,saarang
rose,gulaab ka phool
educational,shikshaatmak
pitch,pich
pi,anukaraneey
raw,kachcha
puple,puplai
fiery,ugr
cotal,chotal
bras,hathiyaaron
hand,haath
dapper,vyavasaayik
bra,achchha
toys,khilaune
falu,phero
weed,jangalee ghaas
brickred,eent jaisa laal
bordo,dhaar
thread,dhaaga
dcor,sajaavat
minimiser,chhota karana
petti,paitti
multivoloured,saarang
pt,ke liye
antique,enteek
lightorange,lightarainge
coal,koyala
whiteme,mooje saphed karai
solar,saur
multicolur,bahuranga
purle,purlai
lightgreen,halka hara
dining,bhojan
cuffed,chuffaid
tan,isalie
leggings,leging
echo,goonj
solid,thos
handbags,haindabaig
duskypink,saanvalee gulaabee
egyptian,misr ke
terrecotta,terakota
oversized,bade
elasticated,ailastichataid
corsets,cholee
color,rang
sherwani,sheravaanee
peacot,paiachoat
citron,neemboo
melanged,mailangaid
puprle,puprlai
muklticoloured,saarang
blood,rakt
door,dvaara
trenches,khaiyon
stars,sitaare
atoll,etol
chrome,krom
turquiose,firoza
floria,phloriya
fuscia,fuschhi
ywllow,peela
animal,jaanavar
web,veb
brass,peetal
huggie,huggiai
crushed,kuchal
ketchup,chatanee
multcioloured,saarang
terracotta,terakota
mahogany,mahoganee vrksh
rosy,gulaabee
khadi,kadee
demi,aadha
newmaroon,naiwmaroon
corduroy,koradaroy
skinny,patala
blackmetal,blaikametal
nightsuit,raat ke kapade
more,adhik
magento,magainto
milticoloured,saarang
bloomers,pataloon
lighth,roshanee
polyester,poliestar
onion,pyaaj
corydalis,chorydalis
oat,jaee
siilver,chaandee
assoted,mishrit
gifting,upahaar dene ke
pashmina,pashmeena
pochampally,pochamapallee
silicon,silikon
camouflage,chhalaavaran
multicolouired,multicholouiraid
textured,banaavat
rossana,rosaana
peacoats,paiachoats
insert,daalane
oval,andaakaar
shorts,nikar
cookware,kukaveyar
striper,dhaariyon
lingerie,neeche pahanane ke kapada
charocal,lakadee ka koyala
sparkle,chamak
simone,simon
length,lambaee
gradient,dhaal
flat,samatal
cherry,cheree
trousers,pataloon
ebony,aabanoos
oraqnge,santara
lehenga,lehanga
pupple,pupplai
neck,garadan
quilts,rajaee
kiwi,keevee
multicocloured,saarang
rreen,rraiain
sheath,myaan
mohair,maheen chikana oon
dairies,deyariyon
ue,yooropeey sangh
milky,doodh ka
coffee,kofee
tangerine,santara
gecco,gaichcho
preserved,sanrakshit
wool,oon
fine,theek
lightyellow,peelee roshanee karana
bellies,pet
layered,bahustareey
pens,kalam
bikini,bikinee
corel,koral
oxidized,okseekaran
mullticolor,bahuranga
phones,phon
obsidian,obseediyan
blithe,zindaadil
covers,kavar
gren,daalee
melenge,selenge
frocks,dilaana
high,uchch
torquise,firoza
latte,doodh
aho,samaashodhan
gajari,gajaree
shade,chhaaya
appliances,upakaran
clogs,mozaree
shoes,joote
piece,tukada
whiskey,vhiskee
peacockblue,morapankhee neela rang
scuba,ek prakaar ka vrksh
beach,samudr tat
hot,garam
canary,peetachatakee
aquarius,kumbh raashi
ponchos,ponchhos
beginner,shuruaat
dangler,kaamachor
cushion,takiya
gadgets,gaijet
darkest,andhere
total,kul
charcaol,lakadee ka koyala
bio,tha
festival,tyauhaar
hats,topee
baked,bek kiya hua
mulitcoloured,mulitcholouraid
hudson,hadasan
bback,bbachk
knit,bunee
sporty,sportee
kurtis,kurtiyaan
dolls,gudiya
parry,bachaav
ocn,ochn
multicoured,saarang
bluer,neela
champion,chaimpiyan
tri,teen
waist,kamar
bolster,silendar
briefcases,breephakes
canisters,kanastaron
grey,dhoosar
mist,dhundh
creative,rachanaatmak
slipper,chappal
ombrex,ombraix
fern,farn
clothing,kapade
diesel,deezal
micronet,michronait
cleansers,saphaee
spoons,chammach
micro,sookshm
wrap,chaadar
ballerinas,fes
organic,jaivik
tanks,taink
green,hara
pacific,shaant
hazle,use banaana
burgndy,baragandee
gossamer,patala
rainbow,indradhanush
powder,paudar
tablets,goliyaan
pouches,pauch
diyas,deeye
flared,bhadaka
throws,phenkata
maison,makaan
pencils,pensil
sargasso,sargaaso
mulsticoloured,saarang
vibrant,jeevant
tuquoise,firoza
devil,shaitaan
kitsch,kich
brogues,broguais
duvet,narm
prach,dhool
nude,nanga
sleepsuits,slaiaipsuits
pruple,bainganee
nut,akharot
navvy,beladaar
aquablue,paanee jaisa neela
careaccessories,charaiachchaissoriais
non,nahin
embellished,alankrt
barrel,bairal
full,poorn
thongs,havaee chappalen
angrakha,angarakha
rimless,bina rim
taupe,taupai
brilliant,pratibhaashaalee
plated,pleted
grape,angoor
mango,maanago
leaf,pattee
iceberg,himashail
showpieces,sho pees
bird,chidiya
whiite,whiitai
artichoke,haathee chak
emberglow,aimbairglow
alluring,manohar
clear,spasht
azalea,azalai
ghagras,ghagaraas
vermilion,sindoor
cranberry,krainaberee
dried,sookha
stick,chhadee
office,kaaryaalay
monaco,monaako
windsor,vindasar
ribbon,pheeta
nursing,narsing
seam,seevan
gold,sona
sand,ret
bracelet,kangan
ons,yoo.es
trays,tre
eyewear,chashma
infants,shishuon
bue,bail
brick,eent
fusia,fusi
yelow,peela
sunrise,sooryoday
cardinal,kaardinal
kits,kit
melajnge,mailajngai
unstitched,bina sile
kurta,kurata
glitter,chamak
turqoise,firoza
quarry,shikaar
megenta,thaileeshaah
portfolio,portapholiyo
fitted,phit
fashion,phaishan
from,se
blossom,khilana
greeb,gareeb
chinablue,chhinabluai
gereen,gairaiain
handkerchiefs,roomaal
antra,doosara
meganthi,magaanthi
sweat,paseena
pullovers,svetar
everyday,har din
graduated,snaatak kee upaadhi praapt
gym,jim
skirt,skart
acrylic,aikrelik
dresses,kapade
sandal,chappal
living,jeevit
tablet,golee
blackd,blachkd
eu,mujhe
ear,kaan
bohemian,boheniya ka
dungaree,dungaraiai
beanies,baianiais
tinted,ranga hua
ethnic,sanjaati vishayak
capri,kaapree
smart,hoshiyaar
shamrock,ek prakaar kee tinapatiya ghaas
mustar,sarason
yelloiw,peela
newfalsa,naiwfals
foldable,tah
panty,paintee
chinos,cheenee
girls,ladakiyaan
pretend,naatak
vests,vaaskat
military,sainy
raspberry,rasabharee
bllue,neela
pace,gati
mouve,chaal
spicy,masaaledaar
dazzling,chakaachaundha
raisin,kishamish
occasion,avasar
push,dhakka den
pleated,chunnatadaar
dark,andhera
magenta,maijenta
ochre,geroo
angel,devadoot
sunset,soory ka ast hona
warm,garam
old,puraana
tomato,tamaatar
while,jabaki
empire,saamraajy
mellow,madhur
stiched,sile
traditional,paramparaagat
decorative,sajaavatee
forestgreen,hare van
turq,turkee
evening,sandhya
bege,bej
bly,rahana
lights,deepak
ggreen,ggraiain
champange,chhampangai
eye,aankh
regular,niyamit
bead,manaka
fresheners,phreshanar
oive,aaraam
reg,raig
salsa,saalsa
bluenight,neelee raat
water,paanee
siver,seevar
wall,deevaar
rainy,barasaatee
dull,kunthit
lavendar,laivendar
leotard,tendua
tubes,tyoobon
stitched,sile
plum,ber
rinsed,rinsaid
greenorange,graiainorangai
creamy,malaeedaar
aged,vrddh
salmon,sailman
silk,resham
toilet,shauchaalay
mangalsutra,mangalasootr
pumps,pamp
ppe,peepeeee
georgette,jorjet
bars,salaakhon
ambermatic,ambairmatich
blush,sharamaana
colognes,kolon
champ,khet
palace,mahal
mutlicolored,saarang
french,phrench
vine,vah aa raha hai
ask,poochhana
handbag,haindabaig
gblue,gbluai
wine,vain
crew,karmee dal
swag,loot
teak,teek
tortilla,tortila
graphic,graaphik
mirrored,mirar
backpack,baig
mustard,sarason
indigo,neel
pants,paint
skin,tvacha
slate,slet
nile,neel
top,oopar
lava,laava
round,gol
brandy,braandee
ble,ban gaya
boyfriend,premee
rucksacks,ruchksachks
fuchia,phyooshiya
rouge,laal
carbon,kaarban
berry,ber
neo,nav
makeup,shrngaar
marshmallow,maarshamailo
sugar,cheenee
morocco,morakko
melamge,milange
personal,nijee
rhodium,rodiyaam
cheesecloth,jaalee
tortoiseshell,tortoisaishaill
three,teen
and,tatha
casual,aakasmik
stone,patharee
cardigans,kaardigan
transparent,paaradarshak
supplies,aapoorti
pale,peela
wristlets,wristlaits
rama,raam
aster,astair
coins,sikke
beginners,shuruaatee
jhablas,tum bolo
bowls,katore
bed,bistar
jeans,jeens
glod,keechad
bags,baig
not,nahin
asphalt,daamar
multicolured,multicholuraid
idols,moortiyon
port,bandaragaah
terry,teree
jugs,katore
readers,paathakon
fish,machhalee
kitten,billee ka bachcha
barn,bachche
party,paartee
pearl,motee
mars,maarch
saddle,saidal
ties,sambandhon
stoned,sharaabee
burned,jala diya
carpets,kaaleen
oils,telon
design,dizain
chrysanthemum,guladaudee
varied,vibhinn
darkenthra,darkainthr
cotton,kapaas
puce,tukada
slv,eselavee
colony,kolonee
serveware,sairvaiwarai
moderate,udaaravaadee
radiant,deeptimaan
orchid,aarkid
metalliuc,dhaatu ka
forks,kaante
miniature,laghu
silver,chaandee
night,raat
lemon,neemboo
pooourple,pooourplai
mediumgrey,madhyam gre
mustured,sarason
pweter,pwaitair
orrange,orrangai
cool,thanda
anise,motee saumf
huggies,huggiais
mugs,mag
wear,pahan lena
amethyst,billaur
sweatshirt,svet-shart
for,ke liye
jean,jeens
greyish,bhoora
shoe,joota
calypso,kelipso
na,par
women,mahilaon
camo,chamo
tumbleweed,tumblaiwaiaid
may,ho sakata hai
vary,alag-alag
balck,balchk
velvet,makhamalee
paach,paachh
ceylon,lanka
checks,chekon
olivine,oleevain
arctic,aarkatik
multocoloured,saarang
drinkware,drinkwarai
knitted,buna hua
scarves,skaarph
cora,kora
range,renj
gey,samalaingik
paled,palaid
broad,vyaapak
towel,tauliya
glossy,chamakadaar
blule,blulai
diapering,daayaparing
mulicolour,bahuranga
lace,pheeta
preppy,praippy
foil,pannee
aztec,eztek
foot,pair
bag,baig
mgrey,mghaii
twill,taveel
captain,kaptaan
dirty,ganda
khakii,khaakee
bluee,bluaiai
overnighters,ovairnightairs
embroidery,kadhaee
claret,klairat
pista,dhaavan path
amazon,veeraangana
real,asalee
conch,shankh
blacks,ashveton
monks,bhikshuon
stole,chura liya
aqua,paanee
racing,daud
flops,phlop
shown,pata chala
flame,jyoti
combi,kombee
purist,shuddhataavaadee
grainy,daanedaar
slim,patala
masters,svaamee
kanakti,kanakatee
tshirt,teeshart
play,khel
traditionaljewellery,paaramparik aabhooshan
bleach,bleech
grit,dhairy
beads,manaka
absolute,poorn
clip,klip
performance,pradarshan
pickle,achaar
wearable,pahanane yogy
amber,ambar
bottoms,neeche
paradise,svarg
live,laiv
oliver,olivar
oolive,oolivai
quick,sheeghr
joggers,jahaan joging
salwar,salavaar
is,hai
slip,parchee
others,any
breasted,chhaatee
running,chal raha hai
fuchsia,phyooshiya
carnation,gahare laal rang
maroo,ek aur
prt,parat
garnish,gaarnish
mouse,chooha
thong,petee
bar,baar
pinnk,gulaabee
custard,kastard
fushia,phyooshiya
games,khel
freesia,fraiaisi
oil,tel
wet,bheega hua
tblue,tbluai
toners,tonar
waterproof,jalarodhak
brazilian,braajeel
stilettos,stilaittos
brwon,bhoora
beiege,baiiaigai
vivid,jvalant
rio,nadee
chiffon,shiphon
chinon,cheenon
reptilian,saanp
brief,sankshipt karen
passport,paasaport
navy,nausena
vast,vyaapak
tiepins,tiaipins
electricblue,bijalee kee roshanee sa neela
perky,diler
pecan,ek prakaar ka akharot
khakhi,khaakhee
turqouise,firoza
auburn,sunahara bhoora rang
limegreen,peela hara rang
dim,nahin
trolley,traalee
headwear,haiadwaiar
polyurethane,polyuraithanai
utility,upayogita
belts,belt
one,ek
medieval,madhyakaaleen
adobe,edob
cement,seement
reddish,laal
tort,kek
virtual,vaastavik
bath,snaan
modern,aadhunik
decor,asabaab
bleached,prakshaalit
nevy,tum nahin
cedar,devadaar
tile,tail
splash,chhap chhap
roses,gulaab ke phool
seersucker,saiairsuchkair
toffee,tofee
walnut,akharot
grindle,grindlai
poseidon,posaiidon
frost,thandh
maritime,samudree
health,svaasthy
chenille,seneel
blend,mishran
speckle,dhabba
lunch,dopahar ka bhojan
poppy,posta
spring,vasant
blur,kalank
anthracite,enthresait
greenish,hare
ulti,ulatee
lightly,halake se
cushioned,gaddedaar
resistant,pratirodhee
polysilk,paalee resham
tumblers,gilaas
ornage,santara
turguoise,firoza
azul,neela
typographic,mudran
asoorted,asoortaid
bluish,neela sa
gear,giyar
parakeet,tota
cog,daant
fibre,resha
toiletry,prasaadhan
gown,gaun
hiking,lambee paidal yaatra
camel,oont
robots,robot
fancy,kalpana
dupattas,dupattaas
italian,itaalavee
lapis,paraton
browns,bhoore
mellange,ke beech
maroona,maroon
milk,doodh
footwear,joote
walking,ghoomana
overalls,chauga
offwhite,dhoomil safed
stripe,pattee
image,chhavi
newhotpink,naiwhotpink
stockings,moza
precious,keematee
teal,teel
paprika,laal shimala mirch
iceblue,neela barph
chambray,shaimbre
furnishings,asabaab
cocktail,kokatel
chandbali,chaandabaalee
chain,janjeer
blouses,blauj
link,sampark
nine,nau
forest,jangal
fashionjewellerysets,phaishan ke gahane set
blakc,blakch
block,khand maitha
shimmer,timatimaana
aassorted,aassortaid
brow,bhaunh
tgreen,tgraiain
millennial,hazaar saal ka
bacterial,baikteeriyal
proof,saboot
collar,kolar
