keyword,synonyms,type
,1 Aard,synonym
,1 Acre,synonym
,1 L|1000 ml|1 Litre|1 Liter|1 Litres|1 Liters,synonym
,1 kg|1000 g|1000 grams|1 kilo|1 kilogram|1 kilograms,synonym
,1/2|0.5,synonym
,10 Generation|10th Generation,synonym
,10k mAh|10000 mAh,synonym
,11 generation|11th generation,synonym
,12 Generation|12th Generation,synonym
,2 L|2000 ml|2 Litre|2 Liter|2 Litres|2 Liters,synonym
,2 door|two door|double door,synonym
,2 kg|2000 g|2000 grams|2 kilo|2 kilogram|2 kilograms,synonym
,20000 mAh|20k mAh,synonym
,5 L|5000 ml|5 Litre|5 Liter|5 Litres|5 Liters,synonym
,5 kg|5000 g|5000 grams|5 kilo|5 kilogram|5 kilograms,synonym
,500 g|500 gram|500 grams|half kg|half kilo|1/2 kg,synonym
,500 ml|half litre|0.5 L|0.5 Litre|1/2 L|1/2 Litre,synonym
,750d|d750,synonym
,780d|d780,synonym
,8085b| mms8085b,synonym
,Adult Diaper|Absord Pants|Adult Diaper Pants,synonym
,Ajwain|Owa|Ayamodakam|Omam,synonym
,Anasphal|Chakri Phool|Anasa Puvu|Thakkolam|Annachi Poo,synonym
,Antiseptic Disinfectant Liquid|Antiseptic Liquid|Disinfectant Liquid,synonym
,Asus book|asus vivobook|Vivobook,synonym
,Badi Elaichi|Kali Elaichi|Mothi Elaychi|Veldoda|Nalla Yalakulu|Karupp Elam|Karuppu Elakkay,synonym
,Barph Matar|Barf Matar|Thanda Matar,synonym
,Bath Soap|Bathing Soap|Bathing Bar,synonym
,Black Cumin|Nigella Seeds|Black Onion seeds,synonym
,Black Til|Kala Til|Karutha ellu|Karuppu ellu,synonym
,Body Lotion|Body Butter|Body Milk|Body Cream|Lotion,synonym
,Body Mist|Body Splash|Fragrance Mist|Fragrant Body Mist,synonym
,Chopping Board|Cutting Board|Chop Board,synonym
,Chopping|Chopper|chop,synonym
,Choti Elaichi|Hari Elaichi|Velchi|Yalakulu|Elaikka|Elakkay,synonym
,Chrysanthamum|chrysanthamum flowers,synonym
,Cold Relief Balm|Cold Balm,synonym
,Cowpea beans|Bean Cow Pea,synonym
,Dalchini powder| Karuvapatta podi| Ilavangappattai podi,synonym
,Deodrant|Deo|Deodorizer|Deo Spray|Deo Body Spray|Body Deodrant|Deodrant Spray|eau fraiche,synonym
,Dhaniya powder|Dhanepud|Malli podi|Kothamalli podi,synonym
,Dishwash|dishwasher|dish washing,synonym
,Elaichi powder|Elaikka podi|Elakkai Podi,synonym
,Fairness Cream|Face Cream|Radiance Cream,synonym
,Fennel seeds|fennel,synonym
,Frying pan,synonym
,Fry|Frying,synonym
,Google Cardboard|VR Headset|okter|Daydream|oculus|quest|rift|JioDive,synonym
,Gud|Gur|Gul|Bellam|Bella|Chakkara|Vellam,synonym
,HD ready|HDR,synonym
,HP Pavilion|pavilion,synonym
,Hair Cream|Hair Gel|Leave In Cream|Hair Fixing Spray|Hair Fixer,synonym
,Haldi powder|Manjal Podi,synonym
,Haldi|Halud|Halad,synonym
,Heeng|Hing|Inguva|Kaayam|Perunkayam,synonym
,Ideapad|Lenovo idea|Lenovo pad,synonym
,Inktank|inkjet,synonym
,Inspiron|Dell inspiron,synonym
,Intimate Hygiene Wash|Intimate Cleansing Foam Wash|Feminine Wash|Intimate wash,synonym
,Intimate Hygiene Wipes|Intimate Wipes,synonym
,Javitri|Jaipatri|Japathri|Jatipatri|Jadipattri,synonym
,Jeera powder|Jeeraka podi|Jeeragam Podi,synonym
,Jiophone|Jio phone 2|Jio mobile,synonym
,Kadugu|Karisasive|Sarson|sarso|Banarasi Rai|Rai|Shorshe|Sasaun,synonym
,Kali Mirch powder|Kurumulaku Podi|Karimilagu Podi,synonym
,Kali Mirch|Kalimiri|Miriyalu|Kurumulaku|Karumilaku,synonym
,Kalonji|Kaala Jeera|Nalla vittanalu|Karim jeerakam|Karuncirakam,synonym
,Kantola|bhat karela,synonym
,Kasuri Methi|Menthikora|Kaaindha vendhaya ilaigal,synonym
,Kathal|Jaiphal|Jajikayi|Jajikayi|Jathikka|Jatikkai,synonym
,Kesar|Zafran|Keshar|Kukumpoovu|Kesari|Kumkuma poovu|Kunkumapoo,synonym
,Kheera|tiyoh|shosha|savthekaee|vellarikka|kaakdi|kakudi|pipigna|keera kai|vellari kai|keera dosakaaya,synonym
,Khumb|kukurmuta|kathfula|Masaruma|Anabe|koon|aalambe|musa|Khubha|Kalan|Puttagodugu,synonym
,Khus khus|Posto|Posta dana|Gasagasalu|Kasakase|Kasa Kasa,synonym
,Kunda|Makarandam,synonym
,Kuttipayar bean|Cowpea Kuttipayar|lobiya ki phaliyaan,synonym
,LG 81.28 cm (32 inch) HD|LG 32 inch|LG 32inch,synonym
,Lal mirch powder|Mulaku Podi|Melagai Podi,synonym
,Lime|lemon,synonym
,Maravalli Kizhangu|Kappa|Karapendalam|Marageanasu|Cassava,synonym
,Meetha Paan|mitha pan|mitha paan|meetha pan|paan,synonym
,Methi dana|Methi dane|Menthulu|Menthe|Uluva|Vendayam,synonym
,Methi powder|Uluva Podi|Vengaya Podi,synonym
,Mi|Xiaomi|Redmi,synonym
,Namak|Meeth|Uppu,synonym
,Nariyal|narikol|tengina kaayi|naalikeram|nadia|tenkay|Kobbarikaya,synonym
,Phalsa|Palastri|Phalsi,synonym
,Romaine|romaine lettuce,synonym
,Roquette|Arugula|Rucula,synonym
,Safed Mirch powder|Vella Kurumulaku Podi|Vellai Milagu Podi,synonym
,Safed Mirch| Vella Kurumulaku| Vellai Milaku,synonym
,Sanitary Pads|Sanitary Napkins,synonym
,Sarda|Sirala,synonym
,Saunf|Badishep|Peda Jilakara|Sopuginja|Sombu|Perum jeerakam|Perumjeeragam,synonym
,Saunth|Sunth| Shunti|Ona soonti|Chukku|Sukku,synonym
,Seb|safarchand|sebu,synonym
,Shahi Jeera|Shajeera|Seema Sopyginjale|Peruncirakam,synonym
,Shakkar|chini|cheeni|jeeni|jini|sakarai|sakar|shakar|Khand|Saakhar|Sakkara|Sakkare|Panchasara|Sakarai,synonym
,Shalgam|Xalgom|shaalgom|knolknol|shajam,synonym
,Shave|Shaving,synonym
,Sherbet berry|Indian sherbet berry,synonym
,Shower Gel|Shower Wash|Body Wash,synonym
,Shower Oil|Bath Oil,synonym
,Stove|Cooktop,synonym
,Sunscreen|Sunscreen Lotion|SPF|Sun Block,synonym
,TV|Television,synonym
,Talcum Powder|Talc,synonym
,Tejpatta|Tamal Patra|Talisapatri|Karuvayila|Vayanayila|Piriyani Ilai|Brinji elai,synonym
,Tinda|thonde kayi|dhemse|tinda|tinda kaaya|Dhemase,synonym
,Urination Funnel|Urination Device,synonym
,VR|Virtual Reality,synonym
,White Pepper|White peppercorns,synonym
,White Til|Safed Til|Velutha ellu|Vellai Ellu,synonym
,Wired|Wire,synonym
,aaloo|batata|alu|bataka|aalo|aalu|aloogedde|urlakizhangu|arthapal|urulai kizhangu|bangaladumpa|urlagadda,synonym
,aam|mambalam|maambalam|keri|maavina|maambazham|aamba|amba|Mampalam|mamidi,synonym
,adrak|adrik|ada|aadu|shunti|aale|ada|inguru|inji|allam,synonym
,air bud|apple pods|airpods,synonym
,air conditioner|AC|air con,synonym
,air freshener|room freshener|room fragrance,synonym
,airdopes 141|airdopes 148|boat 141,synonym
,amaranthus|Thotakura|chaulai|amaranth|dhantinasopp|Sirikeerai|Thota Koora|siru keerai,synonym
,amla|aamlokhi|nellikayi|nellikka|avla|Nellikkay|Jamakaya,synonym
,amrud|madhri aam|jamphala|perala|Payrakka|peru|pijuli|Koyya,synonym
,anaanas|sapurI|Annaci|Anasapandu|panasapandu,synonym
,anar|dalim|dadam|dalimbe|maathalanaarakam|dallimba|Matulai|Danima,synonym
,angur|draksh|dhraakshi|munthiri|angura|Tiratcai,synonym
,anjeer|anjir|dimoru|anjura,synonym
,ankurit|ankuron|Aṅkura|Moggugaḷu|mulakal|Aṅkura|fala|Mulaikal|Molakalu,synonym
,arabi|kochu|alavi|pattarveliya|kesuvinagadde|chembu|arvi|arbi|saru|seppan kizhangu|chaama gadda,synonym
,asian paint brush|wall paint brush|paint brush,synonym
,avantra|varja|vivitka|anukta,synonym
,avocado|butter fruit,synonym
,baby|kids,synonym
,bael|vilampazham|Velega Pandu|Baelada Hannu|Kaith|Katbel|Kathbel,synonym
,baigan|baingan|begun|vankaya|Bengena|Ringan|badanek ayi|Vazhuthananga|vangi|baigana|wambatu|kathri kai,synonym
,basic phone|keypad phone|Basic Mobile Phone|keypad Mobile|Basic Keypad mobile,synonym
,basmati rice|biryani rice,synonym
,battery|cell|battery cell|cell battery,synonym
,bhindi|bhendi|dherosh|bhinda|bende kayi|vendakka|bandakka|vendaikaai|benda kaya,synonym
,bhutta|makoi|Makai|Jola|cheaalam|makaa|Maki|Colam|Mokkajonna,synonym
,bilahi|tamatar|taameta|thakkaalli|bilati baigana|thakkali|thakkaali|Raamamulaga kaaya,synonym
,biscuit|cookies,synonym
,bogori|koli|Alubukhara,synonym
,cam|camera,synonym
,canvas|canvas board,synonym
,car freshener|car fragrance|car perfume,synonym
,carpet,synonym
,carrom board|carrom,synonym
,cashew nut|cashew,synonym
,celery|Ajwainn ke patte|Celery|Joni|Khak|sivari,synonym
,chaas|chaanch,synonym
,chandramallika|sevanti,synonym
,chestnut|trapa natans|ling|ling chio|jesuit nut|water caltrops,synonym
,chhole|kuragaya,synonym
,chimta|pakkad,synonym
,chow chow|bangalore brinjal,synonym
,chukandar|butmah|Bitano kanda|beettoottu|bit mula|Cukadara,synonym
,ch|channel,synonym
,cloth drying stand|cloth dry stand|cloth dryer stand|cloth dryer|cloth dry standard|cloth drying|cloth drying rack|cloth drying hanger|cloth dry|cloth drying stand hanging|cloth drying plastic stand|cloth drier|cloth dryers|clothes drying stand|clothes dryer stand|clothes dryer|clothes drying rack|cloth stand,synonym
,coca cola|coke,synonym
,coccinia|ivy gourd,synonym
,cold drink|soft drink|cold drinks|soft drinks|drinks|coldrink|colddrink,synonym
,condition|conditioning|conditioner,synonym
,cooking oil|oil cooking|edible oil,synonym
,cycle|bicycle,synonym
,dal|dhuli,synonym
,dari|chatai,synonym
,detergent bar|detergent cake|detergent soap|washing soap|laundry bar|laundry cake|laundry soap|washing bar|washing cake,synonym
,detergent powder|laundry powder|washing powder,synonym
,dhaniya|dhoniya|dhoney|kothamir|kothamiri soppu|kothimbir|kothamalli,synonym
,digi|digital,synonym
,dishwash gel|utensil gel,synonym
,disposable bag|garbage bag,synonym
,diya|deep,synonym
,doodh|paal,synonym
,dustbin|trash can|garbage bin|waste bin|waste basket|waste bucket|garbage bucket|garbage basket|garbage container|garbage,synonym
,e55|e55bt,synonym
,earbuds|headphones|headsets,synonym
,earpods|earbuds|earphones|in ear earbuds|in ear ear buds|ear speaker|earpiece,synonym
,extension|extension box|extension board|extension cord|power strip|powerstrip|cord,synonym
,face facewash|face wash,synonym
,fair n lovely|glow n lovely|fair & lovely|glow & lovely,synonym
,fansi|farsbi,synonym
,fast charger|turbo charger,synonym
,fire bolt smartwatch|fire-boltt smartwatch|fire boltt smartwatch|fire bolt|fire-boltt|fireboltt|firebolt smartwatch|firebolt smart watch|fireboltt smartwatch|fire boltt smart watch|firebolt|fire boltt|firebolt smart smartwatch,synonym
,foot cream|heel cream,synonym
,foot mat|doormat,synonym
,football,synonym
,fridge|refrigerator|freeze,synonym
,fruits and vegetables|fruits & vegetables|vegetables and fruits|fresh fruits and vegetables,synonym
,ful|phul|phool|hoovu,synonym
,gajar|gaazor|gajor|gaajar|gajjari|sheema mullangi|gajara,synonym
,genda|jhendu,synonym
,gen|generation,synonym
,giloy|amrutha balli|aamoi lota|chittamruthu|Guduchi|Seendilkodi|Tippateega|Shindilakodi,synonym
,grapefruit|pomelo|Citrus paradisi|shaddock,synonym
,groundnut|peanuts|peanut,synonym
,gulab|gulab phool,synonym
,gwar phali|gaur phali|barbati|borboti|guvar|huruli kayi|shravvan ghevada|kothavarangai|goru chikkudu kaya|matti kaya|bahuruli kayi|shravvan ghevada,synonym
,hari mirch|kancha lonka|lila marcha|hasi menasu|hirvi mirchi|kancha lanka|Padhai milagai|pacchi mirpakaya|green mirchi,synonym
,headphones|headsets,synonym
,health|nutrition|energy,synonym
,horse toys|horse rocker,synonym
,ice tray|iceberg tray|ice cube tray,synonym
,imli|teteli|tetul|aambli|hunase hannu|valanpuli|puli|chincha|tentuli|siyambala|chinta pandu,synonym
,iwatch|apple watch,synonym
,jardalu|khubani,synonym
,jimikand|suvarna gadde|senai kizhangu|kanda gadda|karunai,synonym
,kaddu|kumara|kumro|kolu|kumbala kayi|maththanga|laal bhopla|kakharu|wattakka|parangika|gummadi kaya|arasanai kai,synonym
,kadipatta|narasingha paat|kaari paata|mitho limado|kari bevina soppu|karivepila|kariyapela|goad limba|bhrunsunga patra|karapincha|kari veppilai|karivepaaku,synonym
,karela|korola|uchchhey|kaarela|hagalak ayi|kaipakka|pavakka|karle|kalara|karawi|pavai kai|paaharkai|kakara kaya,synonym
,karonda|Kilaakkaai,synonym
,katthal|kothal|kanthal|fanas|halasina kayi|chakka|panasa|Kos|palakkai|panasa kaya,synonym
,kela|kol|kolaa|kela|baley hannu|kadali|kesel|vazhaikkai|arati kaya,synonym
,kg|kilo|kilos|kilogram|kilograms,synonym
,khajur|xejur|kharjurada hannu|Eenthapazham|kharjur|khajuri|tetikal|Kharjooram,synonym
,kharbooja|shakar teti|kasthoori thannimathan|Kasturi,synonym
,knol khol|Navil Kosu|Nookal,synonym
,kochu|alavi|pattarveliya|kesuvinagadde|chembu|arvi|saru|arbi|seppan kizhangu|chaama gadda,synonym
,kundru|tendli|kunduru|tindli|kunduli|kundri|tindola|kaagethonde|theekuduru|tondekayi|kova|koval|tondli|kunduri|kovi|kotturukanni|naripputu|vimpa|donda kaya|kaki donda kaya,synonym
,ladies|women,synonym
,lahsun|nohoru|roshun|lasan|belulli|veluthulli|lasun|rasuna|sudu luunu|poondu|vellulli|chinna ullipaya,synonym
,laptop|portable computer|lappy,synonym
,lauki|dudhi|soray kayi|churakkai|churaykka|dudhi bhopala|ghisya|diya labu|surai kai|sorakaaya,synonym
,laung|lavangam|Lavang|Lavangalu|Lavanga|Grampoo|Kirampoo|Krambu,synonym
,lcd tv|led tv,synonym
,leggings|stretchable leggings,synonym
,lock|lock and key,synonym
,long lasting| long last,synonym
,lota|Kalash,synonym
,lotion|moisturizer|cream,synonym
,ltr|litre|liters|litres|ltrs|liter|L,synonym
,lux rose|lux pink,synonym
,magsafe|magnetic charger,synonym
,makhan phal|benne hannu|avaiakkada,synonym
,makkhan|maakhan,synonym
,massage|massager,synonym
,microfiber|microfiber cloth,synonym
,mic| microphone,synonym
,milkshake|flavored milk,synonym
,mill|flour mill,synonym
,mitha aalu|shakkariya|genasu|madhurakkiz|kandamula|shakkar kandi|sarkaraivalli kizhangu|chilakada dumpa|shakarkand|shakar kand|ranga aaloo|mishti aaloo|ratale|ratalu|bathal,synonym
,mobile charger|adapter|AC Adapter|charger|AC power adapter|plug adapter,synonym
,mobile|phone|smartphone|mobile phone,synonym
,mooli|mulo|mulangi|mula|mulaa|Mullanki|Mullangi,synonym
,moong phali|cheena badam|magfuli|shing|kadale kaayi|shenga|shengdana|china badam|Rata kaju|kadalai|veru senega pappu|pallelu|senega pappu,synonym
,mop|mopping|floor mopping,synonym
,mosambi|mausomi|Inippu cunnampu,synonym
,murunga|marungai|munaga|mullakkaaya|sahjan|sojina|shojne danta|saragwaa ni shing|nugge kaayi|muringakka|shevgyachya shenga|sajana|sujuna,synonym
,mustard leaf|leafy mustard,synonym
,nail polish|nail paint|nail color|nail trend|nail enamel,synonym
,nashpati|mara sebi|Perikkay pallam|Peerupandu,synonym
,nimbu|nemu|limbu|nimbe|naaranga|lembu|Elumiccai|Nimmakaya,synonym
,nora bogori|pic|peechu|pIch phala|Pic pallam|Peachu,synonym
,oil 15 kg|oil 15 liter|oil 15 L|oil 15 litre,synonym
,oil pastels|oil color,synonym
,onion|onion5kg|onion 5kg|onion 5 kg,synonym
,padwal|chichinga|dhunduli|chichinga|pandola|padavali|paddvala kayi|padaval anga|padval|chachindra|galartori|pathol|padavalangai|pudalankai|potla kaaya|lingapotla,synonym
,paint|polish|enamel,synonym
,paleng xaak|paalong shaak|palak|palak soppu|palanga|niwithi|pasalai keerai|paala koora,synonym
,papita|omita|papayu|parangi|papai|amruta banda|Pappali,synonym
,parwal|parora|patal|potol|parval|mara thonde|parwar|potala|potals,synonym
,patla|plastic patla,synonym
,patta gobhi|banda gobhi|bandhakopi|cobij|ele kosu|muttakkoos|kovees|cobi|bandha kobi|patta gobi|gova|muttai kosu|kosu,synonym
,peas|snap peas,synonym
,pepper|fruity hot pepper|fruity chilli pepper,synonym
,perfume|Eau De Perfume |EDP|Eau De Parfum|Eau De Toilette|EDT|Body Parfum|Cologne|Cologne Spray,synonym
,petha|raksahawa|komora|chaal kumro|safed kolu|kumbala|kumbhalanga|kohla|puhul|neer poosanikai|boodida gummadi kaya|poosani kai,synonym
,phenyl|bathroom cleaner|toilet cleaner,synonym
,phool gobi|phool gobhi|phul gobi|phool kopi|fulevar|hoo kosu|phula kopi|phull gobhi|mal gova|puvva,synonym
,pigweed|templeweed,synonym
,power bank|recharger|portable charger,synonym
,ps5|playstation 5,synonym
,pudina|podina|pudino|puthina|Putina,synonym
,pui saag|poi patta|poi saag,synonym
,pure & tender bathing bar|aqua fresh bathing bar|glycerine soap,synonym
,pyaaz|vengayam|vengaayam|kanda|kaanda|dungri|erulli|savola|valiya|ulli|luunu|venkgayam|ullipaaya|erragadda,synonym
,rawa|suji|sooji|rava,synonym
,rc car|remote control car|remote car,synonym
,rice|rice bag|rice bags,synonym
,rusk|toast,synonym
,santra|komola|narangi|kittale|oranju|kamala|Arancupalam,synonym
,sarso sag|gethiya sag,synonym
,scrubber|scrub,synonym
,shimla mirch|gholar marcha|bhombha marcha|bholar marcha|donne menasina|dhobali mirchi|malu miris|kudai milagai|bengulooru mirapakaaya,synonym
,shower gel|body wash|body & shower wash|body & shower gel|shower gel & body wash|bath & shower cream wash,synonym
,smartwatch|watch smart smartwatch,synonym
,soap case|soap box|soap dish,synonym
,spike gourd|Forest Bitter Goud,synonym
,steam iron|steam iron for cloths,synonym
,stove|burner,synonym
,t50|t50hi,synonym
,tablet|tab,synonym
,tarbooz|tormuz|kallangadi hannu|Thannimathan|Kallingad|tarabhuja|Tarpucani|Puchakaaya|Puchakaya,synonym
,tedhe medhe|bingo,synonym
,thamala pakulu|paan ke patte|supari de patte|verillai|verrila|suparichi pane,synonym
,till|til|ellu|aellu|elu,synonym
,tomato ketchup|tomato sauce,synonym
,tons|tn|tonne|ton,synonym
,toor|arhar,synonym
,truly|true,synonym
,turai|bhol|jhingey|turiya|ghisoda|heeray kayi|peechhinga|dodke|shirale|janhhi|tori|wetakolu|peerkan kai|beera kaaya,synonym
,turee|Kumbaḷakayiyannu holuva cinikayi|mareaachedi|Curaikkay|Gummadikaya,synonym
,tws|truly wireless|true wireless|truly wireless in ear earbuds|tws earbuds,synonym
,umbrella|umbrella for rain|rain umbrella,synonym
,vegetables in fresh|vegetables,synonym
,vegetables|veggies,synonym
,walnut|walnut dry fruit,synonym
,washing liquid|liquid detergent|detergent liquid,synonym
,water bottle|packaged water,synonym
,weight|weighing,synonym
,women night dress|women night wear,synonym
&,and,synonym
0.5L,0.5 L,synonym
0ne plus,oneplus,synonym
0neples,oneplus,synonym
0pp0,oppo,synonym
1,one,synonym
1 plus,oneplus,synonym
1+,oneplus,synonym
1.5tb,1.5 tb,synonym
1.5ton,1.5 ton,synonym
1.6ton,1.6 ton,synonym
1.8ton,1.8 ton,synonym
1/2L,1/2 L,synonym
1/2kg,1/2 kg,synonym
10.1inch,10.1 inch,synonym
10.2inch,10.2 inch,synonym
10.3inch,10.3 inch,synonym
10.4inch,10.4 inch,synonym
10.5inch,10.5 inch,synonym
10.5kg,10.5 kg,synonym
10.9inch,10.9 inch,synonym
10000mAh,10000 mAh,synonym
1000g,1000 g,synonym
1000ml,1000 ml,synonym
10kg,10 kg,synonym
10kmAh,10k mAh,synonym
10tb,10 tb,synonym
11inch,11 inch,synonym
11kg,11 kg,synonym
12.4inch,12.4 inch,synonym
12.9inch,12.9 inch,synonym
128gb,128 gb,synonym
12gb,12 gb,synonym
12tb,12 tb,synonym
13.3inch,13.3 inch,synonym
14inch,14 inch,synonym
14tb,14 tb,synonym
15.6inch,15.6 inch,synonym
16gb,16 gb,synonym
16tb,16 tb,synonym
18tb,18 tb,synonym
1L,1 L,synonym
1gb,1 gb,synonym
1kg,1 kg,synonym
1kilo,1 kilo,synonym
1plus,oneplus,synonym
1tb,1 tb,synonym
2,two,synonym
20000mAh,20000 mAh,synonym
2000g,2000 g,synonym
2000ml,2000 ml,synonym
20kmAh,20k mAh,synonym
21.5inch,21.5 inch,synonym
24inch,24 inch,synonym
25 W,25 Watt,synonym
256gb,256 gb,synonym
25W,25 Watt,synonym
2L,2 L,synonym
2gb,2 gb,synonym
2kg,2 kg,synonym
2kilo,2 kilo,synonym
2tb,2 tb,synonym
2ton,2 ton,synonym
3,three,synonym
32gb,32 gb,synonym
3gb,3 gb,synonym
4,four,synonym
4.7inch,4.7 inch,synonym
43inch,43 inch,synonym
4gb,4 gb,synonym
4kg,4 kg,synonym
4kilo,4 kilo,synonym
4kilogram,4 kilogram,synonym
4kilos,4 kilos,synonym
4tb,4 tb,synonym
5,five,synonym
5.3inch,5.3 inch,synonym
5.4inch,5.4 inch,synonym
5.8inch,5.8 inch,synonym
5.99inch,5.99 inch,synonym
5000g,5000 g,synonym
5000ml,5000 ml,synonym
500g,500 g,synonym
500gb,500 gb,synonym
500ml,500 ml,synonym
50inch,50 inch,synonym
512gb,512 gb,synonym
55inch,55 inch,synonym
58inch,58 inch,synonym
5L,5 L,synonym
5inch,5 inch,synonym
5kg,5 kg,synonym
5kilo,5 kilo,synonym
5star,5 star,synonym
5tb,5 tb,synonym
6.1inch,6.1 inch,synonym
6.22inch,6.22 inch,synonym
6.26inch,6.26 inch,synonym
6.2inch,6.2 inch,synonym
6.2kg,6.2 kg,synonym
6.35inch,6.35 inch,synonym
6.38inch,6.38 inch,synonym
6.39inch,6.39 inch,synonym
6.3inch,6.3 inch,synonym
6.43inch,6.43 inch,synonym
6.44inch,6.44 inch,synonym
6.4inch,6.4 inch,synonym
6.51inch,6.51 inch,synonym
6.52inch,6.52 inch,synonym
6.53inch,6.53 inch,synonym
6.55inch,6.55 inch,synonym
6.56inch,6.56 inch,synonym
6.58inch,6.58 inch,synonym
6.5inch,6.5 inch,synonym
6.5kg,6.5 kg,synonym
6.67inch,6.67 inch,synonym
6.6inch,6.6 inch,synonym
6.7inch,6.7 inch,synonym
6.8inch,6.8 inch,synonym
6.9inch,6.9 inch,synonym
64gb,64 gb,synonym
65inch,65 inch,synonym
6gb,6 gb,synonym
6inch,6 inch,synonym
6kg,6 kg,synonym
6tb,6 tb,synonym
7,seven,synonym
7.5kg,7.5 kg,synonym
7.9inch,7.9 inch,synonym
70inch,70 inch,synonym
75inch,75 inch,synonym
7inch,7 inch,synonym
7kg,7 kg,synonym
8.5kg,8.5 kg,synonym
8.7inch,8.7 inch,synonym
85inch,85 inch,synonym
8gb,8 gb,synonym
8inch,8 inch,synonym
8kg,8 kg,synonym
8tb,8 tb,synonym
9.5kg,9.5 kg,synonym
9.7inch,9.7 inch,synonym
9kg,9 kg,synonym
AC Adaptor,AC Adapter,synonym
Almonds,Almond,synonym
Alubukhara,plum,synonym
Amul cho,Amul chocolate,synonym
Amul milk,Milk,onewaysynonym
Anodised,Anodized,synonym
Arandi ka tel,castor oil,synonym
BISKIT,BISCUIT,synonym
BISKUT,BISCUIT,synonym
Badam,Almond,synonym
Baggry,Bagrry's,synonym
Baggrys,Bagrry's,synonym
Bagrry,Bagrry's,synonym
Bagrrys,Bagrry's,synonym
Bakarwadi,Bhakarwadi,synonym
Barf Matar,snow peas,synonym
Bhakharwadi,Bhakarwadi,synonym
Biscuits,Biscuit,synonym
Bitaruta,beetroot,synonym
Bitrut,beetroot,synonym
Blade,Cartridges,onewaysynonym
Bodywash,Body Wash,synonym
Britania,Britannia,synonym
Brittania,Britannia,synonym
Brittannia,Britannia,synonym
Bru,Bru coffee,synonym
Brush,Toothbrush,synonym
Burfi,Barfi,synonym
Canvartibal,Convertible,synonym
Canvertible,Convertible,synonym
Cassava,tapioca,synonym
Celerun,Celeron,synonym
Celiron,Celeron,synonym
Chakri Phool,Star Anise,synonym
Chapal,chappal,synonym
Chyavanprasha,Chyawanprash,synonym
Cileron,Celeron,synonym
Ciliron,Celeron,synonym
Cinnmon,Cinnamon,synonym
Colour,Color,synonym
Convartibal,Convertible,synonym
Converteble,Convertible,synonym
Convertibal,Convertible,synonym
Cunvertible,Convertible,synonym
Dalchini powder,Cinnamon Powder,synonym
Dhaniya powder,Coriander Powder,synonym
Elaichi powder,Cardamom Powder,synonym
Enktank,Inktank,synonym
Eye Liner,Eyeliner,synonym
Fragerant,Fragrant,synonym
Frypan,Fry pan,synonym
Ghoda,horse rocker,synonym
Gud,Jaggery,synonym
Gudiya,doll,synonym
HP Pav,HP Pavilion,synonym
Haldi powder,Turmeric Powder,synonym
Handwash,Hand Wash,synonym
Hari Elaichi,Green Cardamom,synonym
Hazelnut,chocolate,synonym
High-end TV,Television,synonym
Hing,Asafoetida,synonym
Ideaped,Ideapad,synonym
Idiapad,Ideapad,synonym
Inktan,Inktank,synonym
Inktenk,Inktank,synonym
Inktnk,Inktank,synonym
Insipiron,Inspiron,synonym
Insipron,Inspiron,synonym
Insperon,Inspiron,synonym
Inspirn,Inspiron,synonym
Javitri,Mace,synonym
Jeera powder,Cumin powder,synonym
Jio Dive,JioDive,synonym
Jio Phone,Jiophone,synonym
Jiophones,Jiophone,synonym
Kaala,Black,synonym
Kaarbon,Karbonn,synonym
Kacchi Haldi,turmeric fresh,synonym
Kala,Kaala,synonym
Kala Til,Black Sesame,synonym
Kali Elaichi,Black Cardamom,synonym
Kali Mirch,Black Pepper,synonym
Kali Mirch powder,Black Pepper powder,synonym
KaliMirch,Kali Mirch,synonym
Kalonji,Black Onion seeds,synonym
Kantola,Forest Bitter Goud,synonym
Karbann,Karbonn,synonym
Karbon,Karbonn,synonym
Kasuri Methi,Fenugreek leaves,synonym
Kesar,Saffron,synonym
Kheera,Cucumber,synonym
Khumb,mushroom,synonym
Khus khus,Poppy Seeds,synonym
Kiwwi,Kiwi,synonym
Knolkhol,knol khol,synonym
Kodac,Kodak,synonym
Kodec,Kodak,synonym
Kodek,Kodak,synonym
Kodk,Kodak,synonym
Kunda,jasmine,synonym
Lakdi ka mandir,wooden temple,synonym
Lal mirch powder,Chilli Powder,synonym
Lili Dungri,spring onion,synonym
Mausambi,mosambi,synonym
Meetha Paan,sweet betel,
Methi,Fenugreek,synonym
Methi dane,Fenugreek seeds,synonym
Methi powder,Fenugreek Powder,synonym
Meti,Methi,synonym
Metti,Methi,synonym
Musambi,mosambi,synonym
Museli,Muesli,synonym
Naringa,narangi,synonym
Nariyal,Coconut,synonym
Naryal,Nariyal,synonym
Neebu,Nimbu,synonym
Neembu,Nimbu,synonym
Nimbu,Lemon,synonym
Organiser,Organizer,synonym
Panasanic,Panasonic,synonym
Panasonek,Panasonic,synonym
Panasonik,Panasonic,synonym
Pappaya,Papaya,synonym
Paste,Toothpaste|paste toothpaste,synonym
Pathar ka mandir,stone temple,synonym
Pavilion,pavilion,synonym
Phalsa,Sherbet berry,synonym
Pilam,plum,synonym
Pitrut,beetroot,synonym
Rizen,Ryzen,synonym
Rujamari,rosemary,synonym
Rysen,Ryzen,synonym
Ryson,Ryzen,synonym
Ryzin,Ryzen,synonym
Ryzon,Ryzen,synonym
Safed Mirch,White Pepper,synonym
Safed Mirch powder,White Pepper powder,synonym
Safed Til,White Sesame,synonym
Sarda,sun melon,synonym
Saunf,fennel,synonym
Saunth,Dry Ginger,synonym
Seb,Apple,synonym
Shahi Jeera,Caraway Seeds,synonym
Shakkar,sugar,synonym
Shalgam,Turnip,synonym
Shrikhan,shrikhand,synonym
Snack,Snacks,synonym
Sprauts,Sprouts,synonym
Srikand,shrikhand,synonym
Strawberry,berries,synonym
Sun Screen,Sunscreen,synonym
T-Shirt,Tshirt,synonym
Tachscreen,Touchscreen,synonym
Tampon,Sanitary Napkins|Sanitary Pads,onewaysynonym
Tejpatta,Bayleaf,synonym
Tel,oil,synonym
Televisions,Television,synonym
Telivisan,Television,synonym
Telivison,Television,synonym
Tooth Brush,Toothbrush,synonym
Tooth Paste,Toothpaste,synonym
Touchscren,Touchscreen,synonym
Tuchscreen,Touchscreen,synonym
Tulaci,tulsi,synonym
US Polo,U.S. POLO ASSN.,synonym
US Polo Assn,U.S. POLO ASSN.,synonym
Vindos,Windows,synonym
Vindows,Windows,synonym
Vindoz,Windows,synonym
Vired,Wired,synonym
Vireles,Wireless,synonym
Vireless,Wireless,synonym
Wayarless,Wireless,synonym
Windo,Windows,synonym
Windos,Windows,synonym
Windowz,Windows,synonym
Windoz,Windows,synonym
Wird,Wired,synonym
Wireles,Wireless,synonym
Wishper,Whisper,synonym
Xiomai,Xiaomi,synonym
Xiomi,Xiaomi,synonym
Yeast,Baking,onewaysynonym
a 23,a23,synonym
a 32,a32,synonym
a.c,AC,synonym
aalobukhara,Alubukhara,synonym
aaloo,potato,synonym
aam,mango,synonym
aapel,Apple,synonym
aaple,apple,synonym
aashirvad,aashirvaad,synonym
aashirwaad,aashirvaad,synonym
aashirwad,aashirvaad,synonym
aata,atta,synonym
accer,acer,synonym
achar,pickle,synonym
adaptor,adapter,synonym
adeptor,adapter,synonym
adrak,Ginger,synonym
ahdrak,adrak,synonym
air pods,airpods,synonym
aircon,air con,synonym
aircondiners,air conditioner,synonym
aircondinors,air conditioner,synonym
aircondioner,air conditioner,synonym
aircondisner,air conditioner,synonym
airconditiner,air conditioner,synonym
airconditinor,air conditioner,synonym
airconditinors,air conditioner,synonym
aircondition,air conditioner,synonym
airconditionar,air conditioner,synonym
airconditionars,air conditioner,synonym
airconditner,air conditioner,synonym
aircondotioner,air conditioner,synonym
ajavain,ajwain,synonym
ajawain,ajwain,synonym
ajven,ajwain,synonym
ajwa,ajwain,synonym
ajwain,carrom seeds,synonym
ajwan,ajwain,synonym
akhrot,walnut,synonym
akrot,akhrot,synonym
alevera,Aloe Vera,synonym
alfa,alpha,synonym
all out,allout,synonym
almari,almirah,synonym
almirah,wardrobe,synonym
alo vera,Aloe Vera,synonym
aloobukhara,Alubukhara,synonym
alta hd,ultra hd,synonym
altra hd,ultra hd,synonym
alubhukkara,Alubukhara,synonym
aluminium ladder,ladder,onewaysynonym
amabrane,ambrane,synonym
amaranthus,pigweed,synonym
amla,gooseberry,synonym
amrud,guava,synonym
anaanas,pineapple,synonym
ananas,anaanas,synonym
anar,pomegranate,synonym
anaras,anaanas,synonym
angur,Grapes,synonym
anjeer,fig,synonym
ankurit,Sprouts,synonym
anniyan,onion,synonym
apal,Apple,synonym
aplit,split,synonym
appe,apple,synonym
appil,Apple,synonym
apple's,apple,synonym
applewatch,apple watch,synonym
appo,oppo,synonym
arabi,arbi,synonym
arbi,colocasia,synonym
arial,Ariel,synonym
aru gula,Arugula,synonym
ascus,asus,synonym
ashirvaad,aashirvaad,synonym
ashirvad,aashirvaad,synonym
ashirwaad,aashirvaad,synonym
ashirwad,aashirvaad,synonym
asirvad,aashirvaad,synonym
asirwad,aashirvaad,synonym
ata,atta,synonym
atta,flour,synonym
avacado,avocado,synonym
baati,batti,synonym
babymelon,baby melon,synonym
backpack,bag,onewaysynonym
badam,kaju,altCorrection1
bael,woodapple,synonym
baggry's,Bagrry's,synonym
baingan,Brinjal,synonym
balck,Black,synonym
balti,bucket,synonym
bath sop,bath soap,synonym
batti,wicks,synonym
bead,beads,synonym
beans,cluster bean|French bean|Cowpea beans,onewaysynonym
bed sheet,bedsheet,synonym
bed sheets,bedsheet,synonym
bedsheets,bedsheet,synonym
beet root,beetroot,synonym
belan,Rolling pin,synonym
bhaarat,bharat,synonym
bharath,bharat,synonym
bhindi,okra,synonym
bhujia,bhujiya,synonym
bhutta,Sweet corn,synonym
biscut,Biscuit,synonym
biskoot,Biscuit,synonym
black berry,blackberry,synonym
blendor,blender,synonym
blootooth,bluetooth,synonym
blue berry,Blueberry,synonym
blue star,bluestar,synonym
blue tooth,bluetooth,synonym
bluestad,bluestar,synonym
bluetooh,bluetooth,synonym
blusrar,bluestar,synonym
bluster,bluestar,synonym
blutooth,bluetooth,synonym
bombino,bambino,synonym
bosh,bosch,synonym
boys,men,altCorrection1
bread,bun,altCorrection1
broccoli,Broccoli,synonym
brocoli,Broccoli,synonym
brocolli,Broccoli,synonym
bt,bluetooth,synonym
bubble sheet,bubble wrap,onewaysynonym
bulestar,bluestar,synonym
butter milk,buttermilk,synonym
bycycle,bicycle,synonym
cakes,cake,synonym
calvinator,kelvinator,synonym
camk,cam,synonym
candle,candles,synonym
cardamon,cardamom,synonym
career,carrier,synonym
cariar,carrier,synonym
carior,carrier,synonym
carrie,carrier,synonym
carromboard,carrom board,synonym
cartage,cartridge,synonym
cartrig,cartridge,synonym
cartrige,cartridge,synonym
caryar,carrier,synonym
cauli flower,cauliflower,synonym
ce3,ce 3,synonym
celling,ceiling,synonym
ceral,cereal,synonym
cerel,cereal,synonym
chaach,chaas,synonym
chaai,chai,synonym
chaas,buttermilk,synonym
chach,chaas,synonym
chai,tea,synonym
chakki,flour mill,synonym
chakku,chaku,synonym
chaku,knife,synonym
chamcha,ladle,synonym
chanch,chaanch,synonym
chandramallika,Chrysanthamum,synonym
chappal,slipper,synonym
chargers,charger,synonym
charjer,charger,synonym
chasma,sunglasses,synonym
chawal,rice,synonym
cheeku,chiku,synonym
chhaas,chaas,synonym
chhas,chaas,synonym
chhilni,peeler,synonym
chhole,chickpea,synonym
chick pea,chickpea,synonym
chiku,sapota,synonym
chili,chilli,synonym
chips,kurkure,synonym
choclate,chocolate,synonym
choclates,chocolate,synonym
choco,chocolate,synonym
chocolates,chocolate,synonym
choklet,chocolate,synonym
chrgr,charger,synonym
chukandar,beetroot,synonym
chutney,sauce,oneWaySynonym
cigarette,Nicotex|Nicotene|Nicotine,onewaysynonym
claycraft,clay craft,synonym
cleaners,cleaner,synonym
close up,closeup,synonym
cocacola,coca cola,synonym
coco cola,Coca Cola,synonym
coco powder,cocoa powder,synonym
coffe,coffee,synonym
coffeee,coffee,synonym
colf,cold,synonym
compreesor,compressor,synonym
computer monitors,computer monitor,synonym
computermonitor,computer monitor,synonym
computermonitors,computer monitor,synonym
condiyion,condition,synonym
conertible,Convertible,synonym
conflex,cornflakes,synonym
coriander leaves,coriander,onewaysynonym
corn flakes,cornflakes,synonym
crampton,crompton,synonym
creame,cream,synonym
cumin seeds,cumin,onewaysynonym
daadhi,beard,synonym
daal,dal,synonym
dacian,diakin,synonym
dahi,curd,synonym
daiken,diakin,synonym
daiking,diakin,synonym
daikn,diakin,synonym
daikon,diakin,synonym
dailen,diakin,synonym
dainik,diakin,synonym
dainkin,diakin,synonym
dakin,diakin,synonym
dakini,diakin,synonym
dalia,daliya,synonym
dals,dal,synonym
dari,carpet,synonym
ddaikin,diakin,synonym
dekni,diakin,synonym
deo,perfume,altCorrection1
detergent,washing,altCorrection1
detol,dettol,synonym
dhal,dal,synonym
dhaniya,coriander,synonym
dholak,drum,synonym
dhoodh,doodh,synonym
diaper,diapers,synonym
didital,digital,synonym
diekin,diakin,synonym
dish wash,Dishwash,synonym
dish washer,dishwasher,synonym
dispanser,dispenser,synonym
dispencer,dispenser,synonym
dispensar,dispenser,synonym
dispensor,dispenser,synonym
dolby®,dolby,synonym
doodh,milk,synonym
drinks,colddrink|juice,oneWaySynonym
dryfruit,dry fruit,synonym
dryign,drying,synonym
dubal,dual,synonym
duble door,double door,synonym
dudh,doodh,synonym
dust bin,dustbin,synonym
dycine,diakin,synonym
ear bud,earbuds,synonym
ear buds,earbuds,synonym
ear fine,earphones,synonym
ear fines,earphones,synonym
ear fon,earphones,synonym
ear fone,earphones,synonym
ear fones,earphones,synonym
ear fons,earphones,synonym
ear phone,earphones,synonym
ear phones,earphones,synonym
ear piece,earpiece,synonym
ear pod,earpods,synonym
ear pods,earpods,synonym
earbud,earbuds,synonym
earfon,earphones,synonym
earfone,earphones,synonym
earfones,earphones,synonym
earfons,earphones,synonym
earphoens,earphones,synonym
earphon,earphones,synonym
earphone,earphones,synonym
earpod,earpods,synonym
eemli,imli,synonym
elaichi,cardamom,synonym
enkjet,inkjet,synonym
falsa,Phalsa,synonym
fansi,French bean,synonym
farchun,fortune,synonym
fast charging,fast charger,synonym
feviquick,fewikwik,synonym
fhd,full hd,synonym
fhone,phone,synonym
flavor,flavored,synonym
flavour,flavor,synonym
flavoured,flavored,synonym
flower,Flowers,synonym
fold 4,fold4,synonym
fone,phone,synonym
foot ball,football,synonym
fortune atta,atta,onewaysynonym
foxed,fixed,synonym
freedom,freedom oil,onewaysynonym
freeg,fridge,synonym
fresh milk,pouch milk|pasteurized,onewaysynonym
freshner,freshener,synonym
fride,fridge,synonym
frig,fridge,synonym
frige,fridge,synonym
frij,fridge,synonym
frontload,front load,synonym
fruit cake,cake,onewaysynonym
ful hd,full hd,synonym
futball,football,synonym
gajar,carrot,synonym
galkaxy,galaxy,synonym
gameng,gaming,synonym
gamming,gaming,synonym
ganna,sugar cane,synonym
geezer,geyser,synonym
geming,gaming,synonym
genda,marigold,synonym
genration,generation,synonym
geo,jio,synonym
gernal,general,synonym
ghaans,ghaas,synonym
ghaas,grass,synonym
giloy,giloy,synonym
girls,women,synonym
gobhee,gobhi,synonym
gobhi,cabbage|cauliflower,onewaysynonym
gobhie,gobhi,synonym
gobi,gobhi,synonym
godreg,godrej,synonym
godrege,godrej,synonym
godrj,godrej,synonym
gohbee,gobhi,synonym
gohbi,gobhi,synonym
grape fruit,grapefruit,synonym
groceries,vegetables|fruits,onewaysynonym
grocery,groceries,synonym
gulab,rose,synonym
gwar phali,cluster bean,synonym
gyser,geyser,synonym
haath ke moje,arm sleeves,synonym
haiar,haier,synonym
haiet,haier,synonym
halapeno,jalapeno,synonym
haldi,turmeric,synonym
hankerchief,handkerchief,synonym
hankerchif,handkerchief,synonym
hara dhaniya,coriander leaves,synonym
hari mirch,Green chilli,synonym
hatachi,hitachi,synonym
head set,headsets,synonym
headphone,headphones,synonym
headset,headsets,synonym
heatchi,hitachi,synonym
heier,haier,synonym
heire,haier,synonym
hi sense,hisense,synonym
hiare,haier,synonym
hicence,hisense,synonym
hicense,hisense,synonym
hing,hing powder,onewaysynonym
hisence,hisense,synonym
hisene,hisense,synonym
hitach,hitachi,synonym
hitacho,hitachi,synonym
hoome,home,synonym
hudi,hoodie,synonym
i p h o n e,iphone,synonym
i phone,iphone,synonym
ibf,ifb,synonym
icecream,ice cream,synonym
iflacon,iffalcon,synonym
ihone,iphone,synonym
imlee,imli,synonym
imli,tamarind,synonym
in ear ear bud,in ear ear buds,synonym
in ear earbud,in ear earbuds,synonym
incjet,inkjet,synonym
inear earbud,in ear earbuds,synonym
inkget,inkjet,synonym
inkjat,inkjet,synonym
inkjit,inkjet,synonym
inphone,iphone,synonym
inspiring,Inspiron,synonym
intal,intel,synonym
intell,intel,synonym
intil,intel,synonym
intul,intel,synonym
invartar,inverter,synonym
invater,inverter,synonym
inventer,inverter,synonym
invertor,inverter,synonym
inveter,inverter,synonym
invetor,inverter,synonym
invorter,inverter,synonym
iphine,iphone,synonym
iphonee,iphone,synonym
jaggery,sugar,altCorrection1
jaiphal,Nutmeg,synonym
jamini oil,Gemini Oil,synonym
jardalu,apricot,synonym
jeera,cumin,synonym
jeneration,generation,synonym
jhucini,Zucchini,synonym
jhukini,Zucchini,synonym
jhunjhuna,rattle,synonym
jimikand,yam,synonym
jira,jeera,synonym
jucer,juicer,synonym
jucini,Zucchini,synonym
juice,drinks,synonym
jusini,Zucchini,synonym
kaaju,kaju,synonym
kaali mirch,Kali Mirch,synonym
kadai,kadhai,synonym
kaddu,Pumpkin,synonym
kadipatta,Curry Leaves,synonym
kagaz ke glass,paper glass,synonym
kagaz ki katori,paper bowl,synonym
kagaz ki plate,paper plate,synonym
kaju,cashew nut,synonym
kala khata,kala khatta,synonym
kalvinatar,kelvinator,synonym
kalvinator,kelvinator,synonym
kalvinatot,kelvinator,synonym
kamal,lotus,synonym
kamalam,dragon fruit,synonym
kanan,kannan,synonym
kangha,comb,synonym
kapoor,camphor,synonym
kapur,kapoor,synonym
karban,Karbonn,synonym
karbuja,kharbooja,synonym
karela,bitter gourd,synonym
karpoor,kapoor,synonym
kartridge,cartridge,synonym
katthal,Jack fruit,synonym
kavinetore,kelvinator,synonym
kaybored,keyboard,synonym
keboard,keyboard,synonym
kechap,ketchup,synonym
kela,Banana,synonym
kelivanator,kelvinator,synonym
kelvinaotor,kelvinator,synonym
kelvinetor,kelvinator,synonym
ketali,ketli,synonym
ketchup,sauce,synonym
ketli,kettle,synonym
keybod,keyboard,synonym
keybord,keyboard,synonym
keybored,keyboard,synonym
khaari,khari,synonym
khajur,dates,synonym
kharabhuja,kharbooja,synonym
kharbooj,kharbooja,synonym
kharbooja,musk melon,synonym
kichan,kitchen,synonym
kichen,kitchen,synonym
kishmis,kishmish,synonym
kismis,kishmish,synonym
kismish,kishmish,synonym
kit kat,kitkat,synonym
knol khol,Kohlrabi,synonym
kundru,coccinia,synonym
kurkure,chips,synonym
kursi,chair,synonym
kybord,keyboard,synonym
lader,ladder,synonym
ladies finger,lady finger,synonym
lahsun,garlic,synonym
lap top,laptop,synonym
lapt,laptop,synonym
lapto,laptop,synonym
laptopp,laptop,synonym
laptp,laptop,synonym
laptup,laptop,synonym
lapy,lappy,synonym
lasar,laser,synonym
lasoda,lasura,synonym
lasora,lasura,synonym
lasua,lasura,synonym
lasura,Cordia,synonym
lattu,spinning top,synonym
lau,lauki,synonym
lauki,bottle gourd,synonym
laung,cloves,synonym
lazer,laser,synonym
leetchi,litchi,synonym
legging,leggings,synonym
leggins,leggings,synonym
leno,lenovo,synonym
lenov,lenovo,synonym
lenova,lenovo,synonym
leptop,laptop,synonym
lesar,laser,synonym
leser,laser,synonym
levi,levi's,synonym
levis,levi's,synonym
lezar,laser,synonym
life boy,lifebuoy,synonym
lifeboy,lifebuoy,synonym
litchee,litchi,synonym
lloyad,lloyd,synonym
llyods,lloyd,synonym
lobiya ki phaliyaan,Cowpea beans,synonym
locks,lock,synonym
loid,lloyd,synonym
loki,lauki,synonym
lonovo,lenovo,synonym
loptop,laptop,synonym
louki,lauki,synonym
loyed,lloyd,synonym
loyld,lloyd,synonym
lpus,plus,synonym
lyead,lloyd,synonym
lyod,lloyd,synonym
macbok,macbook,synonym
macbuk,macbook,synonym
mackbook,macbook,synonym
mag,maggi,synonym
mag safe,magsafe,synonym
maggie,maggi,synonym
magie,maggi,synonym
makbook,macbook,synonym
makhan phal,avocado,synonym
makkhan,butter,synonym
makki,maize,synonym
mandir,temple,synonym
mangoes,mango,synonym
mari gold,marigold,synonym
masager,massager,synonym
masala,chilli,oneWaySynonym
mashroom,mushroom,synonym
massag,massage,synonym
matar,Peas,synonym
matic liquid,matic front load liquid|matic top load liquid,onewaysynonym
matka,pot,synonym
matur,matar,synonym
mauce,mouse,synonym
mause,mouse,synonym
maza,maaza,synonym
mazza,maaza,synonym
mcbook,macbook,synonym
mecbook,macbook,synonym
mecbuk,macbook,synonym
meonise,mayonaise,synonym
messager,massager,synonym
milk shake,milkshake,synonym
mirch,mirchi,synonym
mircha,mirchi,synonym
mirchee,mirchi,synonym
mirchi,chilli,synonym
mix sar,mixer,synonym
mixie,mixer,synonym
mixsar,mixer,synonym
mixture,mixer,synonym
mobael,mobile,synonym
mobail,mobile,synonym
mobeil,mobile,synonym
mobie,mobile,synonym
mobiel,mobile,synonym
mobil,mobile,synonym
mobila,mobile,synonym
mobiles,mobile,synonym
moblie,mobile,synonym
moblies,mobile,synonym
moje,socks,synonym
mom color,crayons,synonym
mombatti,candles,synonym
monitar,monitor,synonym
monitars,monitor,synonym
moniter,monitor,synonym
monitors,monitor,synonym
mooli,Radish,synonym
mooli,radish,synonym
moong phali,groundnut,synonym
mosambi,sweet lime,synonym
mose,mouse,synonym
moti,beads,synonym
mouce,mouse,synonym
mous,mouse,synonym
movail,mobile,synonym
mozarella,mozzarella,synonym
muli,mooli,synonym
multi grain,multigrain,synonym
mumfali,peanuts,synonym
mung,moong,synonym
mungfali,mumfali,synonym
murunga,drumstick,synonym
mustard,mustard leaf,synonym
naariyal,Nariyal,synonym
namak,salt,synonym
namkin,namkeen,synonym
nard,nord,synonym
nashpati,pear,synonym
naspati,nashpati,synonym
naspoti,nashpati,synonym
navratan,navratna,synonym
neckband,earphones,onewaysynonym
necklaces,necklace,synonym
neklesses,necklace,synonym
nimboo,Nimbu,synonym
nirma,detergent,onewaysynonym
node,nord,synonym
non stick,non-stick,synonym
noodels,noodles,synonym
noodle,noodles,synonym
noodles,pasta,altCorrection1
norad,nord,synonym
note book,notebook,synonym
notebooks,notebook,synonym
nutri choice,nutrichoice,synonym
one plus,oneplus,synonym
one+,oneplus,synonym
onepluse,oneplus,synonym
onita,onida,synonym
onnion,onion,synonym
onplus,oneplus,synonym
oodles,noodles,synonym
pIch phala,peach,synonym
paalak,palak,synonym
paan ke patte,betel,synonym
paaydaan,paidaan,synonym
padwal,Snake gourd,synonym
paidaan,doormat,synonym
paidan,paidaan,synonym
painaappil,pineapple,synonym
painasonic,Panasonic,synonym
palak,spinach,synonym
pals,plus,synonym
paltaa,spatula,synonym
panassonic,Panasonic,synonym
panneer,paneer,synonym
panner,paneer,synonym
papita,Papaya,synonym
pappaaya,Papaya,synonym
para,parachute,synonym
parachute,coconut hair oil|coconut oil,onewaysynonym
parda,curtain,synonym
parwal,pointed gourd,synonym
patta gobhi,Cabbage,synonym
pattal,leaf plate,synonym
patti,leaves,synonym
pavelion,pavilion,synonym
pavilon,pavilion,synonym
peech,peach,synonym
penuts,peanuts,synonym
pepper,Black Pepper,onewaysynonym
petha,ash gourd,synonym
pevilion,pavilion,synonym
peyaaj,pyaaz,synonym
phaliyan,beans,synonym
phine,phone,synonym
phne,phone,synonym
phonez,phones,synonym
phool,Flowers,synonym
phool gobhi,cauliflower,synonym
phynyl,phenyl,synonym
pilas,plus,synonym
pine aple,pineapple,synonym
pine apple,pineapple,synonym
pineaple,pineapple,synonym
pintar,printer,synonym
pinter,printer,synonym
pinute,peanut,synonym
pista,pistachios,synonym
piyaja,pyaaz,synonym
piyar,pear,synonym
piyaz,pyaaz,synonym
pkus,plus,synonym
plam,plum,synonym
plas,plus,synonym
plash,plus,synonym
pluse,plus,synonym
pomogranate,pomegranate,synonym
ponds,pond's,synonym
powerbank,power bank,synonym
prentar,printer,synonym
prenter,printer,synonym
prim,pril,synonym
printar,printer,synonym
printur,printer,synonym
prize,price,synonym
pudding,pudding mix,onewaysynonym
pudhina,pudina,synonym
pudina,mint leaves,synonym
pui saag,malabar spinach,synonym
pyaaz,onion,synonym
raddish,radish,synonym
rattle,infant toys,synonym
razar,razor,synonym
razer,razor,synonym
razr,razor,synonym
rconncet,reconnect,synonym
realm,realme,synonym
redbull,red bull,synonym
reddish,radish,synonym
redemi,redmi,synonym
redimi,redmi,synonym
redme,redmi,synonym
redmy,redmi,synonym
redy,ready,synonym
ref,refrigerator,synonym
refaind,refined,synonym
referigerator,refrigerator,synonym
refreegerator,refrigerator,synonym
refreezerator,refrigerator,synonym
refridgerator,refrigerator,synonym
refrigereter,refrigerator,synonym
refrigorator,refrigerator,synonym
resish,radish,synonym
reyal,real,synonym
rifaind,refined,synonym
rockarz,rockerz,synonym
rumaal,handkerchief,synonym
rumal,rumaal,synonym
sabja,basil,synonym
sabun,soap,synonym
safelife,safe life,synonym
salgam,Shalgam,synonym
samartphone,smartphone,synonym
sambhar,sambar,synonym
sample_word,sample_word1|sample_word2,Two Way Synonym
sampoo,shampoo,synonym
samsang,samsung,synonym
samsung,samsung original,onewaysynonym
sandwhich,sandwich,synonym
sansiu,sansui,synonym
sansue,sansui,synonym
santara,santra,synonym
santra,orange,synonym
sarso,mustard,synonym
sarso oil,mustard oil,synonym
sarso sag,kale,synonym
sateplijar,stabilizer,synonym
sauce,mayonnaise,oneWaySynonym
sauf,Saunf,synonym
sbs,side-by-side,synonym
sealing,ceiling,synonym
seeling,ceiling,synonym
semiautomatic,semi-automatic,synonym
sempo,shampoo,synonym
sempoo,shampoo,synonym
sempu,shampoo,synonym
sensui,sansui,synonym
servic,service,synonym
shahtoot,Mulberry,synonym
shahtut,shahtoot,synonym
shakkar kandi,sweet potato,synonym
shampo,shampoo,synonym
shampu,shampoo,synonym
shatavari,asparagus,synonym
shimla mirch,capsicum,synonym
shreekhand,shrikhand,synonym
silipar,slipper,synonym
simla mirch,shimla mirch,synonym
singal,single,synonym
singal function,single function,synonym
slit,split,synonym
smar,smart,synonym
smart phone,smartphone,synonym
smart watch,smartwatch,synonym
smartphine,smartphone,synonym
smartphones,smartphone,synonym
smartwatches,smartwatch,synonym
smat,smart,synonym
smol,small,synonym
smsung,samsung,synonym
snacks,chips,altCorrection1
soapcase,soap case,synonym
sone,sony,synonym
soni,sony,synonym
sonny,sony,synonym
sonyh,sony,synonym
sounbar,soundbar,synonym
sound bar,soundbar,synonym
sound bars,soundbar,synonym
soyabean ki fali,Edamame,synonym
soyabin,soyabean,synonym
spalshproof,splashproof,synonym
speakers,speaker,synonym
speakre,speaker,synonym
speakres,speaker,synonym
speeker,speaker,synonym
spekcars,speaker,synonym
spikar,speaker,synonym
spilit,split,synonym
spining,spinning,synonym
spkr,speaker,synonym
splite,split,synonym
stablalaiser,stabilizer,synonym
stablicer,stabilizer,synonym
stabliser,stabilizer,synonym
stablizar,stabilizer,synonym
stablizr,stabilizer,synonym
stare,star,synonym
stblicer,stabilizer,synonym
stebilizer,stabilizer,synonym
steeky,sticky,synonym
steplizee,stabilizer,synonym
steplizer,stabilizer,synonym
stik,stick,synonym
stiki,sticky,synonym
strawberry,strawberry flavor,synonym
suger,sugar,synonym
sui dhaaga,sewing kit,synonym
sui dhaga,sui dhaaga,synonym
sur,surf,synonym
t shirt,Tshirt,synonym
tablat,tablet,synonym
tablate,tablet,synonym
tablit,tablet,synonym
tala,lock,synonym
tamataar,tamatar,synonym
tamatar,tomato,synonym
tamato,tomato,synonym
tangerine,orange,onewaysynonym
tarbooz,watermelon,synonym
taulia,towel,synonym
teb,tab,synonym
tebal,table,synonym
teblet,tablet,synonym
teddybear,teddy bear,synonym
tedi bar,teddy bear,synonym
tedibar,teddy bear,synonym
televisan,Television,synonym
televison,Television,synonym
telivision,Television,synonym
tetar,theater,synonym
thali,plate,synonym
thulasi,tulsi,synonym
thumps up,thums up,synonym
til,sesame,synonym
tile,Smart Tags,onewaysynonym
tinda,Round Gourd,synonym
tire,tyre,synonym
tomato catchup,tomato ketchup,synonym
tometo,tomato,synonym
topload,top load,synonym
towar,tower,synonym
treamer,trimmer,synonym
treemar,trimmer,synonym
trimer,trimmer,synonym
trule,truly,synonym
tulas,tulsi,synonym
tulasi,tulsi,synonym
tulsi,Basil,synonym
tur,toor,synonym
turai,Ridge gourd,synonym
turbo charging,turbo charger,synonym
turee,Zucchini,synonym
turmeric fresh,turmeric,onewaysynonym
tyer,tyre,synonym
udad,urad,synonym
uhd,ultra hd,synonym
ulta,ultra,synonym
undar,under,synonym
uspa,U.S. POLO ASSN.,synonym
utencil,utensil,synonym
vanila,vanilla,synonym
vanilla,vanilla flavor,onewaysynonym
vannila,vanilla,synonym
vanplus,oneplus,synonym
vastro,vostro,synonym
vegetables,fresh vegetables,onewaysynonym
vegitable,vegetables,synonym
vegitables,vegetables,synonym
vesline,vaseline,synonym
vevobook,Vivobook,synonym
vivobooc,Vivobook,synonym
vivobuk,Vivobook,synonym
viwobook,Vivobook,synonym
volts,voltas,synonym
wach,watch,synonym
wacth,watch,synonym
watches,watch,synonym
water melon,watermelon,synonym
wevobook,Vivobook,synonym
whole apricot,apricot,onewaysynonym
whollpool,whirlpool,synonym
wild berry,wildberry,synonym
windon,Windows,synonym
window,Windows,synonym
wirelss,Wireless,synonym
woindow,Windows,synonym
wondow,Windows,synonym
wood apple,woodapple,synonym
yepee,yipee,synonym
yeppi,yipee,synonym
zeera,jeera,synonym
अक्वागार्ड,aquaguard,synonym
आइफ़ोन,iphone,synonym
आइफोन,iphone,synonym
आईटेल,itel,synonym
आईफोन,iphone,synonym
आईवा,aiwa,synonym
आदिदास,adidas,synonym
आयफोन,iphone,synonym
इंकजेट,inkjet,synonym
इंच,inch,synonym
इंडक्शन,induction,synonym
इन्फिनिटी,infinity,synonym
ईर्ष्या,envy,synonym
उषा,usha,synonym
एक,one,synonym
एचपी,hp,synonym
एप्पल,apple,synonym
एयरपॉड्स,airpods,synonym
एलईडी,led,synonym
एलजी,lg,synonym
एसएसडी,ssd,synonym
ऐपल,apple,synonym
ओपो,oppo,synonym
ओप्पो,oppo,synonym
ओलम्पस,olympus,synonym
ओवन,oven,synonym
कंप्यूटर,computer,synonym
कारतूस,cartridge,synonym
कार्यालय,office,synonym
काला,kaala,synonym
कीबोर्ड,keyboard,synonym
कुलर,cooler,synonym
कूलर,cooler,synonym
कॅमेरा,camera,synonym
कॅरियर,carrier,synonym
केल्विनेटर,kelvinator,synonym
केल्वीनेटर,kelvinator,synonym
केस,case,synonym
केसिओ,casio,synonym
केसीओ,casio,synonym
कैनन,canon,synonym
कैमरा,camera,synonym
कोडेक,Kodak,synonym
गेमिंग,gaming,synonym
गैलेक्सी,galaxy,synonym
गोदरेज,godrej,synonym
गोप्रो,gopro,synonym
ग्राइंडर,grinder,synonym
चार्जर,charger,synonym
जबरा,jabra,synonym
जिओ,jio,synonym
जियो,jio,synonym
जिवोफोन,Jiophone,synonym
जीबी,gb,synonym
जीयोफोन,Jiophone,synonym
जेबीएल,jbl,synonym
टन,tonne,synonym
टिसीएल,tcl,synonym
टीबी,tb,synonym
टीवी,TV,synonym
टीव्ही,TV,synonym
टीसीएल,tcl,synonym
टेबलेट,tablet,synonym
टोनर,toner,synonym
डिस्प्ले,display,synonym
डेस्कजेट,deskjet,synonym
डेस्कटॉप,desktop,synonym
डोंगल,dongle,synonym
तोशिबा,toshiba,synonym
निकॉन,nikon,synonym
नोकिआ,nokia,synonym
नोकिया,nokia,synonym
नोट,note,synonym
पार्टी,party,synonym
पेनासोनिक,Panasonic,synonym
पैनासोनिक,Panasonic,synonym
पैवेलियन,pavilion,synonym
प्रिंटर,printer,synonym
प्रोजेक्टर,projector,synonym
प्रोबुक,probook,synonym
फिलिप्स,philips,synonym
फोन,phone,synonym
फ्रिज,fridge,synonym
बीपीएल,bpl,synonym
बैकपैक,backpack,synonym
बोट,boat,synonym
बोस,bose,synonym
ब्लूटूथ,bluetooth,synonym
ब्लूस्टार,bluestar,synonym
ब्लैक,Black,synonym
मशीन,machine,synonym
माइक्रोवेव,microwave,synonym
माइक्रोसॉफ्ट,microsoft,synonym
माउस,mouse,synonym
मिक्सर,mixer,synonym
मॉनिटर,monitor,synonym
मॉनीटर,monitor,synonym
मोटरोला,motorola,synonym
मोबाइल,mobile,synonym
मोबाईल,mobile,synonym
यूएसबी,usb,synonym
रंगीन,colour,synonym
रियलमी,realme,synonym
रीकनेक्ट,reconnect,synonym
रीयलमी,realme,synonym
रीलमी,realme,synonym
रीलमे,realme,synonym
रेडमी,redmi,synonym
रेफ्रिजरेटर,refrigerator,synonym
रेलमी,realme,synonym
लिनोवो,lenovo,synonym
लेजर,laser,synonym
लेनोवो,lenovo,synonym
लैपटॉप,laptop,synonym
लॉयड,lloyd,synonym
लोयड,lloyd,synonym
वनप्लस,oneplus,synonym
वायरलेस,Wireless,synonym
विवो,vivo,synonym
वीवो,vivo,synonym
वॉशिंग,washing,synonym
वोल्टास,voltas,synonym
व्हर्लपूल,whirlpool,synonym
शगुन,omen,synonym
शाओमी,xiaomi,synonym
सफेद,white,synonym
सभी,all,synonym
सिगेट,seagate,synonym
सीगेट,seagate,synonym
सॅमसंग,samsung,synonym
सेमसंग,samsung,synonym
सेलेरॉन,Celeron,synonym
सैनडिस्क,sandisk,synonym
सैन्सुई,sansui,synonym
सोनी,sony,synonym
स्कैनर,scanner,synonym
स्क्रीन,screen,synonym
स्पीकर,speaker,synonym
स्मार्टफोन,smartphone,synonym
स्याही,ink,synonym
स्लीव,sleeve,synonym
हायसेन्स,hisense,synonym
हावेल्स,havells,synonym
हेडसेट,headset,synonym